1,Legal,1
2,Training,2
3,Accounting,3
4,Services,4
5,Business Development,5
6,Sales,6
7,Marketing,7
8,Research and Development,8
9,Sales,9
10,Business Development,10
11,Product Management,11
12,Product Management,12
13,Business Development,13
14,Marketing,14
15,Marketing,15
16,Accounting,16
17,Training,17
18,Support,18
19,Services,19
20,Sales,20
21,Product Management,21
22,Human Resources,22
23,Services,23
24,Training,24
25,Sales,25
26,Sales,26
27,Support,27
28,Research and Development,28
29,Training,29
30,Human Resources,30
31,Engineering,31
32,Research and Development,32
33,Services,33
34,Product Management,34
35,Product Management,35
36,Services,36
37,Sales,37
38,Business Development,38
39,Accounting,39
40,Training,40
41,Services,41
42,Business Development,42
43,Accounting,43
44,Human Resources,44
45,Engineering,45
46,Support,46
47,Services,47
48,Business Development,48
49,Support,49
50,Product Management,50
51,Research and Development,51
52,Engineering,52
53,Training,53
54,Marketing,54
55,Engineering,55
56,Services,56
57,Accounting,57
58,Product Management,58
59,Services,59
60,Engineering,60
61,Services,61
62,Business Development,62
63,Product Management,63
64,Accounting,64
65,Product Management,65
66,Legal,66
67,Support,67
68,Legal,68
69,Services,69
70,Engineering,70
71,Services,71
72,Research and Development,72
73,Research and Development,73
74,Human Resources,74
75,Support,75
76,Business Development,76
77,Business Development,77
78,Sales,78
79,Research and Development,79
80,Legal,80
81,Accounting,81
82,Marketing,82
83,Support,83
84,Human Resources,84
85,Sales,85
86,Business Development,86
87,Training,87
88,Training,88
89,Human Resources,89
90,Research and Development,90
91,Training,91
92,Support,92
93,Marketing,93
94,Services,94
95,Services,95
96,Product Management,96
97,Engineering,97
98,Support,98
99,Engineering,99
100,Business Development,100
101,Sales,101
102,Services,102
103,Marketing,103
104,Engineering,104
105,Legal,105
106,Sales,106
107,Research and Development,107
108,Sales,108
109,Support,109
110,Support,110
111,Engineering,111
112,Business Development,112
113,Services,113
114,Accounting,114
115,Sales,115
116,Product Management,116
117,Engineering,117
118,Business Development,118
119,Sales,119
120,Sales,120
121,Training,121
122,Support,122
123,Engineering,123
124,Legal,124
125,Marketing,125
126,Sales,126
127,Marketing,127
128,Research and Development,128
129,Research and Development,129
130,Support,130
131,Accounting,131
132,Training,132
133,Legal,133
134,Sales,134
135,Business Development,135
136,Legal,136
137,Business Development,137
138,Training,138
139,Business Development,139
140,Support,140
141,Human Resources,141
142,Services,142
143,Support,143
144,Research and Development,144
145,Sales,145
146,Product Management,146
147,Engineering,147
148,Sales,148
149,Marketing,149
150,Marketing,150
151,Engineering,151
152,Training,152
153,Services,153
154,Product Management,154
155,Business Development,155
156,Engineering,156
157,Support,157
158,Marketing,158
159,Support,159
160,Business Development,160
161,Sales,161
162,Training,162
163,Accounting,163
164,Marketing,164
165,Engineering,165
166,Product Management,166
167,Engineering,167
168,Marketing,168
169,Accounting,169
170,Support,170
171,Business Development,171
172,Human Resources,172
173,Engineering,173
174,Legal,174
175,Accounting,175
176,Services,176
177,Legal,177
178,Research and Development,178
179,Accounting,179
180,Services,180
181,Product Management,181
182,Accounting,182
183,Sales,183
184,Training,184
185,Business Development,185
186,Product Management,186
187,Accounting,187
188,Research and Development,188
189,Research and Development,189
190,Product Management,190
191,Accounting,191
192,Accounting,192
193,Accounting,193
194,Legal,194
195,Support,195
196,Training,196
197,Engineering,197
198,Product Management,198
199,Training,199
200,Sales,200
201,Services,201
202,Human Resources,202
203,Sales,203
204,Legal,204
205,Human Resources,205
206,Research and Development,206
207,Marketing,207
208,Support,208
209,Legal,209
210,Legal,210
211,Training,211
212,Human Resources,212
213,Sales,213
214,Accounting,214
215,Accounting,215
216,Product Management,216
217,Legal,217
218,Product Management,218
219,Research and Development,219
220,Product Management,220
221,Accounting,221
222,Business Development,222
223,Research and Development,223
224,Legal,224
225,Product Management,225
226,Research and Development,226
227,Training,227
228,Product Management,228
229,Engineering,229
230,Product Management,230
231,Product Management,231
232,Services,232
233,Marketing,233
234,Marketing,234
235,Business Development,235
236,Training,236
237,Human Resources,237
238,Human Resources,238
239,Sales,239
240,Legal,240
241,Business Development,241
242,Human Resources,242
243,Legal,243
244,Training,244
245,Legal,245
246,Business Development,246
247,Sales,247
248,Product Management,248
249,Legal,249
250,Training,250
251,Marketing,251
252,Training,252
253,Support,253
254,Training,254
255,Product Management,255
256,Support,256
257,Support,257
258,Marketing,258
259,Services,259
260,Marketing,260
261,Support,261
262,Services,262
263,Legal,263
264,Engineering,264
265,Product Management,265
266,Business Development,266
267,Accounting,267
268,Business Development,268
269,Marketing,269
270,Marketing,270
271,Accounting,271
272,Accounting,272
273,Research and Development,273
274,Sales,274
275,Training,275
276,Services,276
277,Engineering,277
278,Research and Development,278
279,Sales,279
280,Engineering,280
281,Legal,281
282,Legal,282
283,Legal,283
284,Services,284
285,Services,285
286,Marketing,286
287,Training,287
288,Engineering,288
289,Support,289
290,Sales,290
291,Research and Development,291
292,Marketing,292
293,Human Resources,293
294,Sales,294
295,Marketing,295
296,Engineering,296
297,Support,297
298,Product Management,298
299,Product Management,299
300,Research and Development,300
301,Services,301
302,Training,302
303,Legal,303
304,Human Resources,304
305,Sales,305
306,Training,306
307,Training,307
308,Support,308
309,Services,309
310,Product Management,310
311,Accounting,311
312,Marketing,312
313,Sales,313
314,Sales,314
315,Research and Development,315
316,Engineering,316
317,Product Management,317
318,Accounting,318
319,Human Resources,319
320,Services,320
321,Services,321
322,Services,322
323,Training,323
324,Services,324
325,Human Resources,325
326,Legal,326
327,Business Development,327
328,Training,328
329,Services,329
330,Support,330
331,Training,331
332,Accounting,332
333,Human Resources,333
334,Engineering,334
335,Sales,335
336,Engineering,336
337,Support,337
338,Human Resources,338
339,Accounting,339
340,Engineering,340
341,Support,341
342,Product Management,342
343,Engineering,343
344,Legal,344
345,Services,345
346,Support,346
347,Training,347
348,Research and Development,348
349,Business Development,349
350,Sales,350
351,Marketing,351
352,Sales,352
353,Marketing,353
354,Marketing,354
355,Legal,355
356,Product Management,356
357,Training,357
358,Sales,358
359,Support,359
360,Services,360
361,Engineering,361
362,Services,362
363,Engineering,363
364,Human Resources,364
365,Product Management,365
366,Research and Development,366
367,Services,367
368,Services,368
369,Marketing,369
370,Business Development,370
371,Business Development,371
372,Product Management,372
373,Research and Development,373
374,Marketing,374
375,Product Management,375
376,Legal,376
377,Product Management,377
378,Legal,378
379,Services,379
380,Human Resources,380
381,Sales,381
382,Marketing,382
383,Support,383
384,Accounting,384
385,Human Resources,385
386,Accounting,386
387,Legal,387
388,Business Development,388
389,Support,389
390,Support,390
391,Engineering,391
392,Support,392
393,Legal,393
394,Product Management,394
395,Support,395
396,Accounting,396
397,Training,397
398,Support,398
399,Marketing,399
400,Engineering,400
401,Research and Development,401
402,Business Development,402
403,Business Development,403
404,Research and Development,404
405,Marketing,405
406,Services,406
407,Product Management,407
408,Product Management,408
409,Marketing,409
410,Services,410
411,Human Resources,411
412,Business Development,412
413,Marketing,413
414,Marketing,414
415,Legal,415
416,Marketing,416
417,Support,417
418,Support,418
419,Support,419
420,Human Resources,420
421,Support,421
422,Legal,422
423,Engineering,423
424,Support,424
425,Product Management,425
426,Support,426
427,Business Development,427
428,Sales,428
429,Business Development,429
430,Research and Development,430
431,Human Resources,431
432,Sales,432
433,Human Resources,433
434,Training,434
435,Human Resources,435
436,Marketing,436
437,Engineering,437
438,Research and Development,438
439,Legal,439
440,Sales,440
441,Legal,441
442,Legal,442
443,Training,443
444,Accounting,444
445,Support,445
446,Sales,446
447,Support,447
448,Services,448
449,Engineering,449
450,Product Management,450
451,Accounting,451
452,Business Development,452
453,Accounting,453
454,Human Resources,454
455,Engineering,455
456,Engineering,456
457,Research and Development,457
458,Marketing,458
459,Engineering,459
460,Training,460
461,Legal,461
462,Business Development,462
463,Legal,463
464,Support,464
465,Sales,465
466,Engineering,466
467,Legal,467
468,Training,468
469,Business Development,469
470,Services,470
471,Marketing,471
472,Marketing,472
473,Human Resources,473
474,Legal,474
475,Engineering,475
476,Sales,476
477,Product Management,477
478,Marketing,478
479,Accounting,479
480,Sales,480
481,Legal,481
482,Training,482
483,Engineering,483
484,Sales,484
485,Legal,485
486,Services,486
487,Product Management,487
488,Research and Development,488
489,Human Resources,489
490,Engineering,490
491,Accounting,491
492,Human Resources,492
493,Legal,493
494,Legal,494
495,Business Development,495
496,Engineering,496
497,Marketing,497
498,Training,498
499,Training,499
500,Marketing,500
501,Product Management,501
502,Services,502
503,Human Resources,503
504,Training,504
505,Research and Development,505
506,Support,506
507,Product Management,507
508,Business Development,508
509,Accounting,509
510,Marketing,510
511,Sales,511
512,Business Development,512
513,Engineering,513
514,Legal,514
515,Accounting,515
516,Product Management,516
517,Product Management,517
518,Marketing,518
519,Sales,519
520,Human Resources,520
521,Training,521
522,Support,522
523,Training,523
524,Human Resources,524
525,Sales,525
526,Business Development,526
527,Accounting,527
528,Marketing,528
529,Accounting,529
530,Research and Development,530
531,Support,531
532,Marketing,532
533,Accounting,533
534,Accounting,534
535,Training,535
536,Research and Development,536
537,Training,537
538,Human Resources,538
539,Business Development,539
540,Engineering,540
541,Services,541
542,Support,542
543,Engineering,543
544,Sales,544
545,Engineering,545
546,Marketing,546
547,Human Resources,547
548,Accounting,548
549,Human Resources,549
550,Services,550
551,Research and Development,551
552,Support,552
553,Engineering,553
554,Marketing,554
555,Accounting,555
556,Accounting,556
557,Business Development,557
558,Marketing,558
559,Support,559
560,Training,560
561,Engineering,561
562,Business Development,562
563,Business Development,563
564,Marketing,564
565,Services,565
566,Business Development,566
567,Services,567
568,Marketing,568
569,Training,569
570,Marketing,570
571,Support,571
572,Legal,572
573,Training,573
574,Engineering,574
575,Services,575
576,Human Resources,576
577,Business Development,577
578,Product Management,578
579,Product Management,579
580,Legal,580
581,Support,581
582,Marketing,582
583,Marketing,583
584,Business Development,584
585,Sales,585
586,Services,586
587,Training,587
588,Engineering,588
589,Human Resources,589
590,Accounting,590
591,Human Resources,591
592,Engineering,592
593,Engineering,593
594,Business Development,594
595,Research and Development,595
596,Legal,596
597,Services,597
598,Legal,598
599,Legal,599
600,Human Resources,600
601,Engineering,601
602,Human Resources,602
603,Human Resources,603
604,Accounting,604
605,Legal,605
606,Marketing,606
607,Support,607
608,Research and Development,608
609,Legal,609
610,Engineering,610
611,Human Resources,611
612,Product Management,612
613,Marketing,613
614,Training,614
615,Accounting,615
616,Product Management,616
617,Engineering,617
618,Business Development,618
619,Product Management,619
620,Human Resources,620
621,Business Development,621
622,Marketing,622
623,Services,623
624,Research and Development,624
625,Services,625
626,Marketing,626
627,Research and Development,627
628,Marketing,628
629,Engineering,629
630,Legal,630
631,Legal,631
632,Marketing,632
633,Engineering,633
634,Human Resources,634
635,Human Resources,635
636,Accounting,636
637,Services,637
638,Training,638
639,Product Management,639
640,Business Development,640
641,Accounting,641
642,Training,642
643,Product Management,643
644,Engineering,644
645,Accounting,645
646,Legal,646
647,Sales,647
648,Marketing,648
649,Business Development,649
650,Training,650
651,Accounting,651
652,Engineering,652
653,Accounting,653
654,Accounting,654
655,Accounting,655
656,Sales,656
657,Training,657
658,Human Resources,658
659,Legal,659
660,Marketing,660
661,Product Management,661
662,Training,662
663,Legal,663
664,Marketing,664
665,Human Resources,665
666,Business Development,666
667,Human Resources,667
668,Training,668
669,Marketing,669
670,Support,670
671,Product Management,671
672,Support,672
673,Business Development,673
674,Sales,674
675,Training,675
676,Sales,676
677,Legal,677
678,Research and Development,678
679,Support,679
680,Marketing,680
681,Support,681
682,Human Resources,682
683,Accounting,683
684,Engineering,684
685,Support,685
686,Support,686
687,Marketing,687
688,Marketing,688
689,Legal,689
690,Sales,690
691,Legal,691
692,Support,692
693,Sales,693
694,Training,694
695,Product Management,695
696,Training,696
697,Sales,697
698,Training,698
699,Research and Development,699
700,Business Development,700
701,Marketing,701
702,Training,702
703,Services,703
704,Training,704
705,Product Management,705
706,Support,706
707,Engineering,707
708,Research and Development,708
709,Legal,709
710,Services,710
711,Legal,711
712,Human Resources,712
713,Accounting,713
714,Product Management,714
715,Marketing,715
716,Sales,716
717,Services,717
718,Legal,718
719,Business Development,719
720,Research and Development,720
721,Sales,721
722,Legal,722
723,Training,723
724,Engineering,724
725,Business Development,725
726,Sales,726
727,Support,727
728,Accounting,728
729,Accounting,729
730,Product Management,730
731,Marketing,731
732,Business Development,732
733,Legal,733
734,Legal,734
735,Engineering,735
736,Training,736
737,Legal,737
738,Sales,738
739,Business Development,739
740,Engineering,740
741,Marketing,741
742,Support,742
743,Product Management,743
744,Legal,744
745,Human Resources,745
746,Accounting,746
747,Engineering,747
748,Sales,748
749,Sales,749
750,Accounting,750
751,Marketing,751
752,Business Development,752
753,Legal,753
754,Sales,754
755,Training,755
756,Training,756
757,Services,757
758,Business Development,758
759,Human Resources,759
760,Sales,760
761,Support,761
762,Human Resources,762
763,Accounting,763
764,Legal,764
765,Business Development,765
766,Product Management,766
767,Services,767
768,Support,768
769,Research and Development,769
770,Legal,770
771,Product Management,771
772,Sales,772
773,Research and Development,773
774,Support,774
775,Support,775
776,Services,776
777,Engineering,777
778,Engineering,778
779,Services,779
780,Services,780
781,Services,781
782,Support,782
783,Marketing,783
784,Support,784
785,Marketing,785
786,Product Management,786
787,Training,787
788,Sales,788
789,Product Management,789
790,Training,790
791,Product Management,791
792,Business Development,792
793,Business Development,793
794,Product Management,794
795,Research and Development,795
796,Marketing,796
797,Business Development,797
798,Human Resources,798
799,Services,799
800,Engineering,800
801,Research and Development,801
802,Business Development,802
803,Product Management,803
804,Marketing,804
805,Research and Development,805
806,Sales,806
807,Marketing,807
808,Business Development,808
809,Product Management,809
810,Services,810
811,Services,811
812,Training,812
813,Training,813
814,Training,814
815,Research and Development,815
816,Human Resources,816
817,Training,817
818,Training,818
819,Services,819
820,Training,820
821,Engineering,821
822,Marketing,822
823,Sales,823
824,Training,824
825,Marketing,825
826,Services,826
827,Research and Development,827
828,Legal,828
829,Engineering,829
830,Accounting,830
831,Support,831
832,Sales,832
833,Sales,833
834,Marketing,834
835,Legal,835
836,Research and Development,836
837,Support,837
838,Engineering,838
839,Product Management,839
840,Training,840
841,Accounting,841
842,Accounting,842
843,Engineering,843
844,Research and Development,844
845,Legal,845
846,Accounting,846
847,Legal,847
848,Business Development,848
849,Research and Development,849
850,Business Development,850
851,Legal,851
852,Services,852
853,Accounting,853
854,Marketing,854
855,Services,855
856,Accounting,856
857,Human Resources,857
858,Business Development,858
859,Product Management,859
860,Accounting,860
861,Product Management,861
862,Product Management,862
863,Business Development,863
864,Services,864
865,Research and Development,865
866,Support,866
867,Services,867
868,Marketing,868
869,Business Development,869
870,Human Resources,870
871,Training,871
872,Sales,872
873,Sales,873
874,Research and Development,874
875,Human Resources,875
876,Legal,876
877,Product Management,877
878,Business Development,878
879,Sales,879
880,Product Management,880
881,Support,881
882,Services,882
883,Engineering,883
884,Sales,884
885,Legal,885
886,Support,886
887,Research and Development,887
888,Human Resources,888
889,Accounting,889
890,Research and Development,890
891,Legal,891
892,Business Development,892
893,Sales,893
894,Sales,894
895,Human Resources,895
896,Engineering,896
897,Research and Development,897
898,Legal,898
899,Services,899
900,Accounting,900
901,Accounting,901
902,Training,902
903,Product Management,903
904,Accounting,904
905,Business Development,905
906,Business Development,906
907,Marketing,907
908,Product Management,908
909,Human Resources,909
910,Product Management,910
911,Services,911
912,Legal,912
913,Accounting,913
914,Accounting,914
915,Legal,915
916,Support,916
917,Sales,917
918,Training,918
919,Marketing,919
920,Human Resources,920
921,Research and Development,921
922,Business Development,922
923,Sales,923
924,Legal,924
925,Business Development,925
926,Training,926
927,Research and Development,927
928,Engineering,928
929,Marketing,929
930,Research and Development,930
931,Business Development,931
932,Human Resources,932
933,Marketing,933
934,Product Management,934
935,Training,935
936,Training,936
937,Training,937
938,Legal,938
939,Legal,939
940,Services,940
941,Marketing,941
942,Services,942
943,Product Management,943
944,Product Management,944
945,Research and Development,945
946,Accounting,946
947,Training,947
948,Engineering,948
949,Accounting,949
950,Sales,950
951,Accounting,951
952,Marketing,952
953,Services,953
954,Marketing,954
955,Training,955
956,Engineering,956
957,Legal,957
958,Services,958
959,Marketing,959
960,Engineering,960
961,Engineering,961
962,Support,962
963,Sales,963
964,Training,964
965,Product Management,965
966,Marketing,966
967,Research and Development,967
968,Research and Development,968
969,Engineering,969
970,Research and Development,970
971,Training,971
972,Accounting,972
973,Marketing,973
974,Marketing,974
975,Research and Development,975
976,Training,976
977,Marketing,977
978,Sales,978
979,Legal,979
980,Marketing,980
981,Legal,981
982,Sales,982
983,Engineering,983
984,Product Management,984
985,Product Management,985
986,Business Development,986
987,Human Resources,987
988,Human Resources,988
989,Accounting,989
990,Accounting,990
991,Business Development,991
992,Research and Development,992
993,Marketing,993
994,Support,994
995,Training,995
996,Marketing,996
997,Support,997
998,Training,998
999,Engineering,999
1000,Accounting,1000
