1,Leelah,Kinlock,94 Service Center,21/01/1975,F,Boss,1
2,Rollo,Tant,13372 Mcbride Hill,28/09/1959,M,Boss,2
3,Masha,Starr,5 Oak Road,11/05/1980,F,Boss,3
4,Teodoro,Guiduzzi,06 Westport Center,08/03/1986,M,Boss,4
5,Janifer,Connors,25 4th Drive,02/09/1978,F,Boss,5
6,Isis,Meads,70834 Macpherson Court,28/06/1966,F,Boss,6
7,Ansley,Andrin,0439 Brentwood Road,07/07/1981,F,Boss,7
8,Luis,Peltzer,9412 Mosinee Road,21/09/1965,M,Boss,8
9,Fleur,Jados,6997 Superior Circle,27/02/1978,F,Boss,9
10,Christoffer,Popov,88092 Sutherland Trail,15/08/1965,M,Boss,10
11,Sayer,Fergyson,53 Jackson Trail,15/06/1980,M,Boss,11
12,Danni,Hardwick,459 Nova Road,19/06/1982,F,Boss,12
13,Waneta,Grooby,6825 Hanover Center,22/08/1994,F,Boss,13
14,Algernon,Pardey,598 Heffernan Plaza,12/12/1972,M,Boss,14
15,Tiebout,Byrde,85 Almo Park,23/10/1984,M,Boss,15
16,Jessika,Lodovichi,5361 Scott Center,10/03/1997,F,Boss,16
17,Velma,De Marchi,59 Logan Place,04/12/2001,F,Boss,17
18,Myrtle,Machans,30628 Heath Junction,26/08/1983,F,Boss,18
19,Catina,Bladesmith,79444 Gerald Parkway,26/10/1992,F,Boss,19
20,Andrey,Wabey,814 Katie Avenue,12/02/1971,M,Boss,20
21,Sheila-kathryn,Erskine Sandys,86 Bluestem Terrace,11/05/1986,F,Boss,21
22,Kent,Clewley,11211 Moland Junction,20/05/1992,M,Boss,22
23,Rahel,Ashe,061 Farragut Way,27/10/1987,F,Boss,23
24,Erhart,Rubenov,8 Sullivan Court,14/03/1997,M,Boss,24
25,Homere,Tinston,044 Kingsford Circle,14/03/1984,M,Boss,25
26,Aurea,England,2076 Birchwood Street,06/07/1985,F,Boss,26
27,Brit,Mowbray,4 Cordelia Street,13/05/1972,F,Boss,27
28,Farris,Prangley,5745 Haas Parkway,24/03/1976,M,Boss,28
29,Matthieu,Gillebride,1 Gerald Lane,29/05/1964,M,Boss,29
30,Bordie,Liddon,2721 Bashford Way,15/10/1968,M,Boss,30
31,Clemente,Freeborne,6 Larry Plaza,18/07/1965,M,Boss,31
32,Bartolemo,Padley,11340 Del Mar Pass,04/02/1995,M,Boss,32
33,Rennie,Arnely,0840 Vermont Park,10/10/2001,F,Boss,33
34,Jeffry,Dragonette,20766 Mariners Cove Trail,23/04/1993,M,Boss,34
35,Brock,Fluck,7 Ramsey Center,26/02/1983,M,Boss,35
36,Arly,Terron,3953 Johnson Pass,12/07/1980,F,Boss,36
37,Montague,Heindrich,751 Oriole Drive,15/02/1981,M,Boss,37
38,Nat,Chamberlain,8969 Graedel Pass,17/06/1982,F,Boss,38
39,Adrien,Riche,77457 Troy Lane,02/05/1961,M,Boss,39
40,Bernardo,Thursfield,40 Lukken Center,10/06/1987,M,Boss,40
41,Tiffy,Turvie,54297 Esch Way,11/03/1973,F,Boss,41
42,Massimiliano,Willavize,407 Grover Pass,09/08/1962,M,Boss,42
43,Mahalia,Velez,64 Springview Pass,03/06/1986,F,Boss,43
44,Melonie,Lesly,52 Main Junction,10/02/1978,F,Boss,44
45,Janaye,Glossop,45 Weeping Birch Alley,17/07/1984,F,Boss,45
46,Shurlock,Leighfield,35505 Northview Pass,07/02/1995,M,Boss,46
47,Carroll,Collidge,54832 Fairview Lane,01/02/2001,M,Boss,47
48,Jacquette,Antrack,67644 Commercial Alley,23/09/1963,F,Boss,48
49,Jeane,Yakovitch,77990 Crest Line Plaza,18/06/1993,F,Boss,49
50,Leonie,Yurshev,7 Dwight Street,04/10/1988,F,Boss,50
51,Davon,Harborow,45 Kensington Parkway,04/03/1992,M,Boss,51
52,Gustave,Turbat,103 Northland Terrace,01/03/1993,M,Boss,52
53,Ashlin,Walthall,028 Meadow Vale Parkway,28/01/1980,M,Boss,53
54,Ramsay,Gasken,22 Spohn Terrace,11/12/1968,M,Boss,54
55,Cris,Fehners,154 Cody Point,16/12/1960,F,Boss,55
56,Buckie,Pomfret,8 Scofield Plaza,10/09/1967,M,Boss,56
57,Marigold,Carwithen,364 Raven Junction,19/04/1963,F,Boss,57
58,Manda,Rendbaek,6 Oak Valley Way,20/08/1965,F,Boss,58
59,Freeman,Burcombe,63 Kings Point,05/07/1963,M,Boss,59
60,Ashla,Berns,520 Pepper Wood Park,29/06/1971,F,Boss,60
61,Frederigo,Rotherham,1167 Barnett Way,16/06/1984,M,Boss,61
62,Norrie,Aupol,890 Mcguire Road,31/07/1982,F,Boss,62
63,Emmanuel,Biles,30372 Merchant Avenue,21/11/1985,M,Boss,63
64,Rriocard,Derill,367 Sunfield Court,24/09/1998,M,Boss,64
65,Karolina,Bolstridge,59911 Center Street,28/03/1984,F,Boss,65
66,Gretta,Halcro,498 Boyd Way,26/03/1966,F,Boss,66
67,Clevey,Falvey,5923 Oakridge Pass,04/08/1993,M,Boss,67
68,Thebault,Darbon,839 Farmco Street,07/05/1997,M,Boss,68
69,Carmina,Sandercock,39405 Hallows Pass,27/02/1968,F,Boss,69
70,Des,Sprigging,2 Quincy Circle,09/02/1980,M,Boss,70
71,Anderea,Piner,38 Linden Lane,13/08/1997,F,Boss,71
72,Sandro,McLenaghan,89 Becker Hill,10/09/1999,M,Boss,72
73,Anabelle,Randles,03421 Kipling Road,01/06/1979,F,Boss,73
74,Juieta,Scarf,88 Cascade Hill,30/03/1971,F,Boss,74
75,Daisi,Maffioni,6048 Carioca Plaza,16/09/1963,F,Boss,75
76,Shell,Royste,42612 Anthes Road,20/11/1967,F,Boss,76
77,Ennis,Pettigree,5713 Norway Maple Point,29/05/1993,M,Boss,77
78,Kim,Gilchrest,56695 Warrior Avenue,03/11/1966,M,Boss,78
79,Rainer,Inglis,66037 Red Cloud Street,29/09/2001,M,Boss,79
80,Scarlet,Makin,558 Emmet Junction,03/09/1993,F,Boss,80
81,Ursala,Ricks,65844 Lakewood Gardens Center,09/09/2000,F,Boss,81
82,Naomi,Ferrier,70187 Village Green Court,20/10/1964,F,Boss,82
83,Lorettalorna,Dumbrill,7 Bonner Junction,01/06/1993,F,Boss,83
84,Cacilie,Borland,9927 Sheridan Trail,01/06/1961,F,Boss,84
85,Rosabella,Orys,106 Mandrake Parkway,18/04/1970,F,Boss,85
86,Val,Younger,2907 Lindbergh Circle,03/06/1968,M,Boss,86
87,Iolande,Rowe,2 New Castle Parkway,21/01/1996,F,Boss,87
88,Almeria,Ankers,94 Burrows Park,11/06/1982,F,Boss,88
89,Cody,Whillock,89392 Burrows Drive,17/09/1983,M,Boss,89
90,Bethena,Barritt,835 Hoard Lane,19/09/1998,F,Boss,90
91,Aarika,Russell,568 Dorton Crossing,08/04/1974,F,Boss,91
92,Joey,Railton,25 Melrose Trail,26/07/1960,M,Boss,92
93,Debora,Leteurtre,10 Summit Junction,09/08/1975,F,Boss,93
94,Felisha,Whye,68325 Del Mar Avenue,25/10/1991,F,Boss,94
95,Maurise,Feathers,08676 Holmberg Point,01/04/1994,F,Boss,95
96,Cory,Jeskin,3 Dottie Street,05/06/1982,M,Boss,96
97,Charlotta,Averay,71272 Badeau Point,04/02/1990,F,Boss,97
98,Lolly,Bakhrushkin,926 Fisk Street,25/04/1984,F,Boss,98
99,Hector,Wrightem,8566 Novick Alley,19/01/1971,M,Boss,99
100,Dorice,Delf,905 Eagan Terrace,03/09/1982,F,Boss,100
101,Trent,Enefer,1 Hazelcrest Park,24/11/1998,M,Boss,101
102,Hunfredo,Misken,63180 Colorado Point,07/07/1972,M,Boss,102
103,Joly,Romke,53 Sutherland Junction,27/08/1961,F,Boss,103
104,Forrester,Cypler,10482 Corry Center,28/10/1973,M,Boss,104
105,Seana,Quoit,51 Kingsford Avenue,19/06/1962,F,Boss,105
106,Isidore,Lidgertwood,326 Jenna Circle,22/12/1983,M,Boss,106
107,Jabez,Aime,531 Dakota Court,06/02/2003,M,Boss,107
108,Emmalyn,Burbudge,5847 Marquette Trail,12/11/1976,F,Boss,108
109,Chariot,Davidovitz,0 Dennis Alley,20/11/1972,M,Boss,109
110,Templeton,MacConnal,700 Mccormick Alley,20/06/1971,M,Boss,110
111,Gayelord,Bernadon,20 Stuart Point,30/11/1962,M,Boss,111
112,Ozzie,Grievson,7 Westport Avenue,17/12/1970,M,Boss,112
113,Theresina,Lote,90257 Schiller Plaza,13/07/1971,F,Boss,113
114,Duke,Penk,38 Rowland Park,08/07/2001,M,Boss,114
115,Dominic,Broadberrie,8218 Vera Pass,23/07/1968,M,Boss,115
116,Anna,Pigot,20 Arrowood Way,03/05/1995,F,Boss,116
117,Cory,Hansford,7 Carey Alley,25/02/1968,M,Boss,117
118,Darill,Palia,720 Morrow Crossing,05/06/1980,M,Boss,118
119,Myranda,Seyfart,4685 Autumn Leaf Park,20/07/1993,F,Boss,119
120,Cecilla,Verrill,0281 Basil Park,28/11/1997,F,Boss,120
121,Roselia,Roderighi,251 Bonner Terrace,25/02/1992,F,Boss,121
122,Carver,Ply,08 Nelson Lane,31/05/1976,M,Boss,122
123,Early,Breton,54629 Northview Drive,24/10/1990,M,Boss,123
124,Maximilian,Doy,5 Eagle Crest Way,16/05/1991,M,Boss,124
125,Marlene,Earlam,88 Fair Oaks Alley,01/03/1961,F,Boss,125
126,Locke,Ragbourn,2027 Nova Plaza,09/02/1960,M,Boss,126
127,Spence,Ends,9 8th Terrace,28/11/1962,M,Boss,127
128,Laurence,Beviss,1 Schurz Pass,08/06/1989,M,Boss,128
129,Rikki,Wheelton,2158 West Avenue,09/01/1985,M,Boss,129
130,Iain,Berston,60 Randy Pass,24/02/1986,M,Boss,130
131,Klement,Fausch,17870 Red Cloud Trail,18/01/1973,M,Boss,131
132,Ali,Egel,184 Orin Terrace,07/05/1989,F,Boss,132
133,Gawen,Drage,0 Brickson Park Terrace,12/09/1975,M,Boss,133
134,Glori,Bowick,64 Ridgeview Terrace,22/01/1965,F,Boss,134
135,Wilmar,Jura,99 Tennessee Road,27/10/1998,M,Boss,135
136,Edwin,Tampion,11665 Eliot Lane,02/04/1979,M,Boss,136
137,Helge,Copeman,7852 David Place,05/05/1976,F,Boss,137
138,Nikita,Rummer,1 Nova Plaza,09/12/1986,M,Boss,138
139,Jsandye,Leisk,3019 Sage Crossing,06/01/1977,F,Boss,139
140,Siusan,Roskams,74 Anniversary Court,11/08/1986,F,Boss,140
141,Ros,Berndsen,590 Ramsey Crossing,14/12/2001,F,Boss,141
142,Mercedes,Pomfrett,45612 Bunting Junction,19/12/2002,F,Boss,142
143,Dulcine,Clinch,0003 Derek Drive,16/06/1985,F,Boss,143
144,Dene,McCleary,8 Springs Place,06/02/1994,M,Boss,144
145,Cyrillus,Van Arsdall,87253 Kropf Parkway,20/11/2001,M,Boss,145
146,Pietra,Baudou,8838 Crownhardt Junction,01/01/1981,F,Boss,146
147,Hedda,Cinnamond,8176 Elgar Lane,06/09/1999,F,Boss,147
148,Fernande,Prantoni,21 Holmberg Park,20/02/1959,F,Boss,148
149,Ulises,McFadin,60805 Nobel Park,13/09/1967,M,Boss,149
150,Herminia,Blazek,32670 Farmco Road,11/07/1988,F,Boss,150
151,Corrie,Corradeschi,08 Roth Circle,27/03/1960,M,Boss,151
152,Elston,Renshaw,63183 Bobwhite Plaza,21/04/1999,M,Boss,152
153,Dorian,Stowe,8949 Starling Junction,30/09/1978,M,Boss,153
154,Kelly,Hankey,86 Drewry Lane,08/03/2000,F,Boss,154
155,Theo,Roke,593 Atwood Court,18/03/1961,M,Boss,155
156,Deedee,Richen,2868 Sheridan Point,01/01/1979,F,Boss,156
157,Dominik,Ledgerton,3482 8th Circle,20/08/1974,M,Boss,157
158,Wylie,Adderley,18 Meadow Vale Road,16/07/1964,M,Boss,158
159,Leontine,Crux,00 Calypso Junction,13/01/1959,F,Boss,159
160,Lynsey,Zumbusch,1 Dapin Junction,15/01/1978,F,Boss,160
161,Miran,Coldridge,61 Sullivan Lane,11/02/1968,F,Boss,161
162,Decca,Trowill,82 Grim Crossing,25/09/1975,M,Boss,162
163,Xerxes,Bramer,6185 Daystar Terrace,07/01/1987,M,Boss,163
164,Ignazio,Lujan,9201 Independence Park,26/01/1971,M,Boss,164
165,Gayla,O'Loinn,455 Westridge Court,20/08/1965,F,Boss,165
166,Brade,Libby,0811 Arizona Plaza,16/05/1986,M,Boss,166
167,Gregorio,Sydes,38 Schurz Circle,21/04/1984,M,Boss,167
168,Konstanze,Mikalski,56360 Hovde Street,23/11/1980,F,Boss,168
169,Suzanna,Orht,3336 Mifflin Park,25/01/1976,F,Boss,169
170,Oralee,Jarret,92 Ridgeview Terrace,17/07/1992,F,Boss,170
171,Edmon,Arundel,65 Bowman Hill,29/06/1981,M,Boss,171
172,Adah,Dekeyser,89245 Dorton Way,23/10/2000,F,Boss,172
173,Lyndel,De Biasi,0 Carpenter Plaza,28/09/1979,F,Boss,173
174,Bern,Pulsford,3709 Hayes Road,07/08/1961,M,Boss,174
175,Kassi,Jarrell,94625 Monica Lane,12/07/1966,F,Boss,175
176,Noelani,Mullis,01 Laurel Alley,19/08/2001,F,Boss,176
177,Cindelyn,De Brett,91127 Meadow Vale Alley,04/06/1984,F,Boss,177
178,Dione,Polson,8 Kensington Park,13/10/1992,F,Boss,178
179,Lars,MacIlraith,99481 Carpenter Avenue,15/06/1982,M,Boss,179
180,Ryon,Castro,9189 Fremont Circle,22/04/1983,M,Boss,180
181,Uriel,Hatry,3 Kingsford Terrace,11/09/1964,M,Boss,181
182,Aguie,De Few,30 Rockefeller Hill,13/09/1981,M,Boss,182
183,Chicky,Fowlds,246 Sage Terrace,23/01/1997,F,Boss,183
184,Malynda,Trevarthen,7 Schurz Point,15/03/1977,F,Boss,184
185,Laughton,Armal,561 Morning Court,03/02/1991,M,Boss,185
186,Franklin,Figger,4 Washington Circle,30/03/1995,M,Boss,186
187,Ailee,Coath,71 Sundown Hill,29/03/1982,F,Boss,187
188,Constancy,Rennebach,9 Butterfield Way,29/03/1989,F,Boss,188
189,Samson,Seago,2 Blue Bill Park Way,03/12/1963,M,Boss,189
190,Belvia,Rentelll,2 Blackbird Pass,01/07/1993,F,Boss,190
191,Lazar,Revey,37 Crescent Oaks Way,31/10/1987,M,Boss,191
192,Fin,Filippucci,93901 Claremont Avenue,02/04/1974,M,Boss,192
193,Charissa,Heake,08 Del Mar Terrace,27/06/2001,F,Boss,193
194,Luci,Bourthouloume,93 Norway Maple Alley,12/10/1965,F,Boss,194
195,Eleonora,Kurton,07579 Northwestern Park,10/04/1967,F,Boss,195
196,Berte,Landsberg,8116 Waubesa Alley,26/12/1966,F,Boss,196
197,Jeanine,Tarbatt,1 Gerald Alley,10/02/1990,F,Boss,197
198,Rakel,Emnoney,3233 Farmco Terrace,10/09/1993,F,Boss,198
199,Jerri,Hauxby,982 Gateway Center,20/02/1967,M,Boss,199
200,Martguerita,Philp,01800 Helena Drive,16/01/1978,F,Boss,200
201,Efrem,Sharpless,08 Oxford Circle,19/05/1974,M,Boss,201
202,Torey,Gowrie,12819 Stephen Alley,29/06/1965,M,Boss,202
203,Faulkner,Ashe,7298 Village Green Drive,29/06/1988,M,Boss,203
204,Jeth,Evans,86 Oakridge Place,07/04/1968,M,Boss,204
205,Koren,Mersh,80787 Sutherland Way,17/10/1961,F,Boss,205
206,Maddi,Stooders,1082 Mariners Cove Road,15/10/1967,F,Boss,206
207,Gary,Jindacek,58 Montana Way,30/05/1987,M,Boss,207
208,Lek,Torbet,5939 Pearson Junction,04/02/1997,M,Boss,208
209,Percival,Fossett,94152 Fairview Place,23/11/1994,M,Boss,209
210,Candide,Timbs,7448 Village Green Court,09/09/2000,F,Boss,210
211,Troy,Durrans,15 Canary Junction,25/12/1960,M,Boss,211
212,Guthrey,Faulconbridge,998 Ridgeway Hill,28/12/2000,M,Boss,212
213,Tedi,Wintringham,8122 Troy Crossing,14/08/1991,F,Boss,213
214,Oneida,Grancher,49556 Acker Park,07/03/2001,F,Boss,214
215,Rey,Tidbold,270 Victoria Alley,26/11/1999,F,Boss,215
216,Gabriello,MacAllester,7 Main Plaza,01/01/1972,M,Boss,216
217,Fairleigh,Glackin,79824 Sloan Court,25/03/1972,M,Boss,217
218,Clemmie,Castiblanco,23070 Michigan Parkway,22/05/1987,M,Boss,218
219,Olympie,Caldayrou,3 Surrey Pass,20/02/1980,F,Boss,219
220,Colet,Gislebert,0993 Mosinee Park,27/02/1978,M,Boss,220
221,Carolus,MacGilrewy,954 Lien Court,01/01/1966,M,Boss,221
222,Elora,Shalders,32967 Gina Street,25/10/1979,F,Boss,222
223,Witty,Girardey,5 Derek Hill,26/12/2001,M,Boss,223
224,Forbes,Makey,6719 Manitowish Parkway,08/12/2000,M,Boss,224
225,Curtice,Glowach,4068 Florence Drive,29/10/2000,M,Boss,225
226,Deedee,Biddle,8 Waxwing Way,16/02/1984,F,Boss,226
227,Pat,Jacobi,13992 Hanson Terrace,06/01/1996,M,Boss,227
228,Yurik,Belfit,8000 Clemons Junction,25/08/1992,M,Boss,228
229,Inessa,Schirach,335 Northfield Street,21/04/1993,F,Boss,229
230,Aprilette,Beavers,332 Meadow Valley Court,01/04/1965,F,Boss,230
231,Raul,Kees,63653 Acker Place,19/03/1959,M,Boss,231
232,Aliza,Yeates,5 3rd Park,27/12/1979,F,Boss,232
233,Ceciley,Burnsyde,1 Moose Trail,21/07/1991,F,Boss,233
234,Thorn,Mabe,24648 Calypso Park,11/03/1969,M,Boss,234
235,Hermione,Kiljan,80 Pepper Wood Road,22/07/1969,F,Boss,235
236,Alf,Gludor,4 Buell Junction,02/12/1966,M,Boss,236
237,Remus,Leynton,1 Westport Plaza,06/07/1980,M,Boss,237
238,Lydie,Swansborough,984 Roxbury Park,19/05/1968,F,Boss,238
239,Garrot,Pentelow,66 Sauthoff Hill,13/09/1978,M,Boss,239
240,Murry,Northern,0 Continental Hill,23/03/2003,M,Boss,240
241,Rosco,Janota,5354 Mitchell Road,23/05/1972,M,Boss,241
242,Yetty,Jannaway,7074 Hayes Drive,17/12/1959,F,Boss,242
243,Vina,Sharram,0630 Thompson Drive,11/09/1973,F,Boss,243
244,Ermin,Conre,5 Charing Cross Place,14/06/1970,M,Boss,244
245,Nickolai,Hugli,71261 Westridge Road,29/06/1971,M,Boss,245
246,Ilyssa,Gorges,513 Park Meadow Lane,13/08/1994,F,Boss,246
247,Pyotr,Abdy,156 Golf Lane,09/11/1993,M,Boss,247
248,Ruthy,Carstairs,96045 Vermont Hill,24/01/1965,F,Boss,248
249,Bruno,Oswell,1 Saint Paul Park,19/09/1998,M,Boss,249
250,Gavan,Binns,32754 Dahle Junction,22/08/1999,M,Boss,250
251,Levi,Reburn,8 Arkansas Alley,09/02/1989,M,Boss,251
252,Solomon,Speechly,73 Haas Park,27/08/1999,M,Boss,252
253,Patsy,Budgett,92147 Trailsway Alley,26/01/1993,M,Boss,253
254,Madelyn,Dunkerley,35 Ridge Oak Crossing,28/02/1976,F,Boss,254
255,Braden,Eyrl,5367 Menomonie Terrace,03/05/1975,M,Boss,255
256,Kristoffer,O'Hern,6 Waxwing Road,04/03/1988,M,Boss,256
257,Torrin,Bride,47689 Lawn Avenue,16/04/1967,M,Boss,257
258,Laetitia,Bowery,600 Jenifer Pass,08/11/1966,F,Boss,258
259,Dorey,Cloutt,16 Glendale Hill,06/03/1966,M,Boss,259
260,Chaddie,Ingilson,5334 Autumn Leaf Plaza,20/11/1991,M,Boss,260
261,Kelley,Looby,04 Hovde Alley,15/10/1976,F,Boss,261
262,Gerti,Plumptre,4836 Mesta Trail,21/12/2001,F,Boss,262
263,Mellisa,Shorie,72 Bunker Hill Junction,29/09/2002,F,Boss,263
264,Nikaniki,Johannesson,4 8th Trail,20/10/2003,F,Boss,264
265,Bogart,Gendrich,69 Luster Terrace,17/02/1985,M,Boss,265
266,Had,Nunan,88 Dennis Street,21/10/1962,M,Boss,266
267,Buck,Gateland,639 Johnson Hill,26/02/1966,M,Boss,267
268,Baxy,Weepers,67142 Acker Way,31/10/1986,M,Boss,268
269,Selestina,Gladebeck,01763 Redwing Center,22/05/1990,F,Boss,269
270,Caleb,Varden,1 Fordem Court,10/09/1994,M,Boss,270
271,Erek,Loalday,5479 Ridge Oak Alley,30/08/1960,M,Boss,271
272,Fabiano,Gainfort,2 Roxbury Plaza,18/04/1986,M,Boss,272
273,Martainn,Staining,435 Carey Parkway,22/10/1960,M,Boss,273
274,Jade,MacAfee,3 Schmedeman Trail,06/01/1966,F,Boss,274
275,Cammie,Chantillon,4 Continental Crossing,22/01/2002,F,Boss,275
276,Sophronia,Trodd,5160 Burrows Hill,25/07/1990,F,Boss,276
277,Rorie,Bolland,33079 Sutherland Trail,07/08/1988,F,Boss,277
278,Rik,Slaten,20 Meadow Vale Point,09/01/1986,M,Boss,278
279,Janos,Agnew,65366 Hazelcrest Junction,10/06/1968,M,Boss,279
280,Augie,Tupp,1740 International Alley,21/09/1960,M,Boss,280
281,Henrietta,Petofi,32046 Ilene Hill,17/09/1962,F,Boss,281
282,Richart,Foxcroft,89 Bashford Point,11/01/1982,M,Boss,282
283,Horst,D'Almeida,4460 Arrowood Trail,26/06/1963,M,Boss,283
284,Nancee,Djuricic,00 American Trail,14/04/1965,F,Boss,284
285,Cort,Rouby,80925 Carey Way,25/08/1966,M,Boss,285
286,Anastasie,Krzyzanowski,23667 Clarendon Parkway,13/10/1982,F,Boss,286
287,Arturo,Hurrell,3 Banding Circle,06/11/1986,M,Boss,287
288,Creight,Dovydenas,65383 Waubesa Pass,01/11/1961,M,Boss,288
289,Emlen,Ashbrook,8 John Wall Crossing,27/06/2001,M,Boss,289
290,Robb,Newburn,72153 Troy Trail,04/12/1960,M,Boss,290
291,Florencia,Sylvaine,71815 Scott Pass,19/10/1980,F,Boss,291
292,Ev,Winson,4340 Vahlen Hill,12/07/1996,M,Boss,292
293,Ichabod,Stapele,6 Anniversary Junction,01/05/1985,M,Boss,293
294,Tabbie,Royse,71 2nd Trail,12/07/1991,M,Boss,294
295,Malinde,Derks,72 Havey Crossing,10/12/1981,F,Boss,295
296,Bat,Rapa,970 Jenifer Point,14/08/2000,M,Boss,296
297,Henrie,Choat,77 Scoville Street,12/01/1989,F,Boss,297
298,Piotr,Damant,83383 Rutledge Street,13/02/1969,M,Boss,298
299,Darya,Faragher,05018 Cordelia Circle,22/01/1973,F,Boss,299
300,Roseanna,Shoppee,28609 Orin Pass,03/08/1970,F,Boss,300
301,Maddi,Tynnan,7 Bluejay Avenue,01/02/1982,F,Boss,301
302,Wendie,Keiley,61603 Eliot Park,16/08/1977,F,Boss,302
303,Gwennie,McCurrie,44140 Ruskin Parkway,15/11/2000,F,Boss,303
304,Cheston,Rummins,49 Schiller Park,17/06/1989,M,Boss,304
305,Addi,Geddis,29663 Magdeline Point,14/03/1993,F,Boss,305
306,Lexie,Stump,49 Sheridan Court,21/02/1969,F,Boss,306
307,Renaldo,Ambridge,4952 Knutson Lane,01/10/1972,M,Boss,307
308,Jameson,Noton,1713 Spaight Point,30/09/2000,M,Boss,308
309,Sandro,Dickings,364 Claremont Alley,18/01/1986,M,Boss,309
310,Ferd,MacAdam,8850 Dottie Trail,03/08/1967,M,Boss,310
311,Camella,Macknish,6619 Gina Point,29/03/1994,F,Boss,311
312,Dominica,Perrottet,8 Acker Street,27/02/1979,F,Boss,312
313,Bernie,Queree,4 Nelson Place,08/08/1969,M,Boss,313
314,Lizabeth,Ramsay,3307 Petterle Center,11/12/1972,F,Boss,314
315,Izabel,Pierucci,4 Aberg Drive,11/12/1986,F,Boss,315
316,Clint,Leetham,46 Derek Road,23/10/1997,M,Boss,316
317,Poppy,Wyvill,28490 Warbler Center,20/04/1961,F,Boss,317
318,Myrtice,Macenzy,21094 Esker Way,10/07/1995,F,Boss,318
319,Franny,Guiduzzi,05550 Crest Line Terrace,02/11/1985,F,Boss,319
320,Germain,Calyton,18 Brown Road,30/05/1962,F,Boss,320
321,Massimo,Sandes,18 Morningstar Place,11/08/1994,M,Boss,321
322,Petrina,Heninghem,4444 Comanche Lane,08/12/1989,F,Boss,322
323,Cris,Bain,3 Graceland Hill,04/09/1978,M,Boss,323
324,Rhetta,Glasard,57455 Maryland Court,01/08/1975,F,Boss,324
325,Gardie,Carabet,3521 Ohio Trail,27/10/1975,M,Boss,325
326,Gael,Deegin,3 Village Court,03/08/1991,M,Boss,326
327,Marybelle,Satterthwaite,45397 Esker Plaza,12/08/2001,F,Boss,327
328,Alice,Hansana,4 Golden Leaf Street,28/02/1997,F,Boss,328
329,Ariella,Lorden,794 Crest Line Terrace,12/12/2003,F,Boss,329
330,Monty,Whitford,37 Browning Trail,26/11/1965,M,Boss,330
331,Dieter,Hattersley,62 Prairie Rose Pass,26/11/1982,M,Boss,331
332,Amandie,Gainsbury,35770 Ramsey Way,19/07/1961,F,Boss,332
333,Skipp,Lunam,9 Hoepker Parkway,28/04/1987,M,Boss,333
334,Currie,Daffern,2 Comanche Center,27/12/1980,M,Boss,334
335,Odie,Itzhak,91943 Prairieview Terrace,11/06/1959,M,Boss,335
336,Keri,Coumbe,13623 Ryan Way,10/09/1971,F,Boss,336
337,Merrel,Michel,5382 Drewry Street,07/11/1997,M,Boss,337
338,Caitrin,Ponder,49174 Gale Center,26/12/1980,F,Boss,338
339,Marianna,Fair,20 Manufacturers Trail,24/12/1964,F,Boss,339
340,Yorgos,Bortoletti,5 Derek Lane,18/01/1967,M,Boss,340
341,Gabey,Birth,7 Hanover Circle,29/12/1972,F,Boss,341
342,Basilio,Wetherburn,14 Sloan Junction,31/12/1964,M,Boss,342
343,Xymenes,Maidment,3 East Trail,23/12/1987,M,Boss,343
344,Saul,McLeary,40 Almo Pass,05/06/1993,M,Boss,344
345,Daffi,Ramelot,625 Superior Circle,11/08/1986,F,Boss,345
346,Augusta,Gemnett,9 Gina Point,28/12/1989,F,Boss,346
347,Inness,Taylerson,3 Ohio Pass,01/05/1980,M,Boss,347
348,Zahara,Napleton,2 Iowa Drive,09/06/1987,F,Boss,348
349,Booth,Wedderburn,1 Bonner Plaza,14/06/1969,M,Boss,349
350,Konstantin,Laker,379 Cody Way,30/06/1962,M,Boss,350
351,Sammie,Hanster,53 Sachtjen Terrace,02/02/1988,M,Boss,351
352,Claribel,Donativo,947 Sutherland Trail,29/01/1974,F,Boss,352
353,Nomi,Mulhall,06 Mallard Crossing,24/12/1989,F,Boss,353
354,Krystle,Boots,7080 Jenna Road,26/09/1973,F,Boss,354
355,Lane,Saw,98 Nancy Pass,20/06/1967,M,Boss,355
356,Lukas,Job,0009 Manufacturers Circle,18/11/1974,M,Boss,356
357,Aline,Woodyer,15347 Thackeray Center,08/03/1963,F,Boss,357
358,Cherianne,Bentote,0175 West Parkway,12/01/2002,F,Boss,358
359,Marshal,Van den Broek,9386 Hallows Parkway,03/04/1999,M,Boss,359
360,Padraig,Kienle,3 Forster Way,22/06/1993,M,Boss,360
361,Rennie,Rembrandt,033 Carberry Drive,07/01/1999,F,Boss,361
362,Marmaduke,Van Oord,5890 Straubel Center,09/01/1974,M,Boss,362
363,Dew,Marishenko,5809 Main Center,10/11/1984,M,Boss,363
364,Lorine,Uden,5 Colorado Place,15/05/1977,F,Boss,364
365,Peder,Perfect,33 Morningstar Park,27/11/1979,M,Boss,365
366,Augustine,Oller,35290 Montana Lane,28/03/1994,M,Boss,366
367,Fidel,Duckit,15947 Clyde Gallagher Terrace,25/10/1993,M,Boss,367
368,Prudy,Shovlar,4 Charing Cross Court,19/04/1982,F,Boss,368
369,Wanda,Detoc,50508 Sachtjen Drive,07/08/1995,F,Boss,369
370,Gardy,Musgrove,83688 Manitowish Way,25/03/1967,M,Boss,370
371,Elie,Seniour,62 Upham Plaza,19/09/1959,F,Boss,371
372,Clement,Lackmann,5 Continental Point,23/06/2000,M,Boss,372
373,Wilhelm,Apdell,93014 Havey Road,20/05/1968,M,Boss,373
374,Brodie,Eteen,83404 Kinsman Court,08/01/1999,M,Boss,374
375,Aube,Beynkn,6 East Circle,21/11/1981,M,Boss,375
376,Dorian,Don,563 Crowley Alley,02/05/1972,M,Boss,376
377,Isiahi,Kynastone,11665 Hansons Center,02/03/1964,M,Boss,377
378,Sawyer,Keyho,54 Monument Hill,16/04/1989,M,Boss,378
379,Marybeth,Lowle,968 Hudson Park,14/03/1993,F,Boss,379
380,Lutero,Fisbey,8 Lerdahl Avenue,20/04/1973,M,Boss,380
381,Corine,Arnfield,17233 Jay Road,21/11/1960,F,Boss,381
382,Ermentrude,Sharphurst,632 Di Loreto Point,19/04/1983,F,Boss,382
383,Bradney,Muzzini,0168 Rowland Junction,28/02/2003,M,Boss,383
384,Frieda,Fiddian,987 Pankratz Parkway,23/06/1962,F,Boss,384
385,Melinde,McFie,03979 Nelson Parkway,16/09/1982,F,Boss,385
386,Barrett,Marguerite,1 Blackbird Avenue,09/10/1986,M,Boss,386
387,Harlan,Rotte,04 Spenser Park,11/02/1997,M,Boss,387
388,Doyle,Barrar,3 Dwight Drive,29/09/1987,M,Boss,388
389,Kendall,Altoft,12056 Cascade Avenue,20/08/1977,M,Boss,389
390,Sidonnie,Lomas,2612 Carberry Road,06/10/1993,F,Boss,390
391,Sascha,Trattles,2 Jenna Park,24/10/1991,M,Boss,391
392,Alicea,Freake,4621 Garrison Center,18/10/1981,F,Boss,392
393,Reynold,Cotilard,0500 Transport Place,18/01/1971,M,Boss,393
394,Modestia,Jaksic,1690 Spaight Circle,26/09/1980,F,Boss,394
395,Rachele,Armsby,5780 Clarendon Junction,04/02/1983,F,Boss,395
396,Lura,Cawsey,2216 Susan Place,28/09/2001,F,Boss,396
397,Reuben,Stoite,999 Butternut Point,21/08/1974,M,Boss,397
398,Kele,Carvell,088 Darwin Road,20/11/1968,M,Boss,398
399,Von,Storton,5 Luster Junction,05/09/1976,M,Boss,399
400,Gibby,Rapelli,48 Monterey Center,19/03/2001,M,Boss,400
401,Irv,MacShirie,302 Talisman Point,09/12/1965,M,Boss,401
402,Gerri,Peirazzi,814 Russell Hill,09/12/1989,F,Boss,402
403,Cicely,Hatchett,465 Burning Wood Place,28/07/1972,F,Boss,403
404,Launce,Wager,5 Oxford Street,15/10/1965,M,Boss,404
405,Bobbette,Timcke,6 Maple Avenue,03/02/1982,F,Boss,405
406,Elisha,Kinzett,18109 Bunker Hill Alley,16/03/1972,M,Boss,406
407,Letisha,Tardiff,7 Leroy Center,08/08/1968,F,Boss,407
408,Itch,Gallimore,35860 8th Plaza,17/03/1968,M,Boss,408
409,Edlin,Oakhill,77 Northview Pass,20/04/1986,M,Boss,409
410,Boothe,Cornish,3850 Dryden Park,29/09/1987,M,Boss,410
411,Brandy,Raisher,3161 Rutledge Way,02/04/1960,M,Boss,411
412,Pamella,Natt,1967 Hovde Crossing,29/05/1975,F,Boss,412
413,Rey,Ridwood,3056 Rigney Avenue,21/11/1969,F,Boss,413
414,Jenni,McNae,0370 Eagle Crest Court,15/08/1988,F,Boss,414
415,Robbie,Catanheira,6 Hudson Road,23/07/1965,M,Boss,415
416,Tybi,Fleg,51116 Northport Park,03/03/1973,F,Boss,416
417,Rollo,Radclyffe,171 Sunbrook Park,11/09/1968,M,Boss,417
418,Feliks,Fresson,5398 Sutherland Plaza,14/06/1990,M,Boss,418
419,Dorotea,Piscopo,19971 Welch Park,22/05/1991,F,Boss,419
420,Goraud,Klesl,714 Anthes Road,09/09/1993,M,Boss,420
421,Goldie,Filip,408 Porter Avenue,22/01/2000,F,Boss,421
422,Giselbert,Keeton,574 Lotheville Court,24/11/1985,M,Boss,422
423,Abbey,Wilber,0062 Northland Lane,07/09/1973,M,Boss,423
424,Bevon,Sasser,6741 La Follette Court,27/03/1964,M,Boss,424
425,Cyndi,Kindleysides,5510 Summer Ridge Street,01/07/1993,F,Boss,425
426,Arman,Fludder,92193 Karstens Road,03/03/1976,M,Boss,426
427,Durand,Dovidaitis,53 Westend Alley,09/06/1960,M,Boss,427
428,Shepherd,Brenton,34 Charing Cross Plaza,19/12/1972,M,Boss,428
429,Lyman,Szwandt,97753 Harper Drive,26/08/1963,M,Boss,429
430,Vinny,Tomley,5986 Vermont Lane,20/11/1982,F,Boss,430
431,Adey,Purchall,5 Blackbird Pass,11/01/1964,F,Boss,431
432,Hadley,Frederick,56 Marcy Court,28/11/1973,M,Boss,432
433,Papagena,MacHostie,70 Old Gate Hill,19/07/1973,F,Boss,433
434,Cosette,Tincknell,98481 Farwell Road,21/12/1988,F,Boss,434
435,Libbey,Grimmer,08346 Evergreen Way,15/06/1987,F,Boss,435
436,Lannie,Jodlkowski,94086 Kings Point,08/02/1987,M,Boss,436
437,Rowland,Annis,7336 Amoth Pass,16/12/1983,M,Boss,437
438,Alena,Walter,074 Dakota Road,08/09/1968,F,Boss,438
439,Julius,Erasmus,1 Northland Road,30/09/1983,M,Boss,439
440,Dominique,Bazeley,88860 Sheridan Center,06/07/1974,M,Boss,440
441,Darlleen,Petruk,114 Oneill Parkway,20/11/1995,F,Boss,441
442,Mavis,Romaine,050 Sunfield Point,16/08/2001,F,Boss,442
443,Abra,Patershall,6781 Debs Plaza,26/12/1992,F,Boss,443
444,Henri,Neumann,367 Everett Parkway,21/10/1978,M,Boss,444
445,Obadiah,Ropartz,597 Fair Oaks Court,06/01/1980,M,Boss,445
446,Thorsten,Owenson,874 Vermont Street,03/07/1994,M,Boss,446
447,Janaye,Martinho,99799 Reinke Park,07/02/1977,F,Boss,447
448,Culley,Blampey,44 Brickson Park Drive,09/10/1962,M,Boss,448
449,Symon,Heistermann,5 Dryden Park,14/12/1967,M,Boss,449
450,Lucky,Leigh,41 Bobwhite Trail,16/03/1980,F,Boss,450
451,Penelopa,Ivushkin,64252 Vidon Place,19/02/1987,F,Boss,451
452,Jeanette,Guitt,2830 Randy Circle,04/05/1961,F,Boss,452
453,Jacenta,Pawelke,9 Magdeline Terrace,30/05/1969,F,Boss,453
454,Sherwin,Blofield,39 Helena Lane,19/04/2000,M,Boss,454
455,Maxine,Haxby,65 Crownhardt Alley,01/03/1974,F,Boss,455
456,Margaret,Hazeltine,918 Colorado Drive,17/04/1980,F,Boss,456
457,Rozina,Mucklestone,88 Moland Street,11/12/1966,F,Boss,457
458,Stanton,Ternault,834 Canary Avenue,19/05/1984,M,Boss,458
459,Shawn,Isaak,1 Dexter Parkway,05/03/1984,M,Boss,459
460,Jan,Prinne,4888 Veith Lane,17/08/1984,M,Boss,460
461,Vince,McAteer,8 Pearson Parkway,04/09/1983,M,Boss,461
462,Lavinie,Tradewell,02880 Northview Street,30/04/1983,F,Boss,462
463,Kizzie,Ofer,937 Banding Avenue,21/10/1989,F,Boss,463
464,Federica,Tremellier,89234 Superior Plaza,22/08/1963,F,Boss,464
465,Philly,Coyett,3 Hudson Parkway,11/08/1978,F,Boss,465
466,Mendie,Birrell,658 Barby Terrace,05/07/1988,M,Boss,466
467,Lesli,Lavrinov,408 Briar Crest Street,06/05/1971,F,Boss,467
468,Jourdain,Nisbet,12 8th Avenue,25/09/1965,M,Boss,468
469,Kane,Machen,5 Spaight Lane,17/09/1965,M,Boss,469
470,Denney,Girdwood,0457 Fremont Way,29/07/1962,M,Boss,470
471,Arlyn,Faley,86 Kinsman Park,02/12/1962,F,Boss,471
472,Alejandrina,Heskey,06 Saint Paul Drive,27/08/1965,F,Boss,472
473,Stesha,Morlon,091 Petterle Alley,19/07/1973,F,Boss,473
474,Janene,Pirdy,184 Tony Court,20/10/2001,F,Boss,474
475,Beryl,Duce,2 Sycamore Alley,29/06/1976,F,Boss,475
476,Dottie,Hedgeley,0 Randy Court,08/08/1961,F,Boss,476
477,Hillery,Ramel,002 Summit Court,25/07/1962,M,Boss,477
478,Allister,Saleway,1543 Melrose Hill,02/04/1964,M,Boss,478
479,June,Honniebal,0 Petterle Way,27/03/1989,F,Boss,479
480,Tori,Strathdee,22983 Trailsway Circle,15/11/1991,F,Boss,480
481,Fidela,Tong,9 Garrison Road,22/01/1963,F,Boss,481
482,Gratia,Darlow,70573 Banding Plaza,28/11/1976,F,Boss,482
483,Luise,Kleinerman,3 Corry Crossing,19/08/1971,F,Boss,483
484,Francklin,Headech,44 Northport Plaza,16/01/1995,M,Boss,484
485,Carlyn,Davidek,93168 Chinook Lane,10/04/1967,F,Boss,485
486,Goober,Finnimore,07 Summer Ridge Lane,08/02/1993,M,Boss,486
487,Salvidor,Bussey,3587 Esker Point,28/05/1996,M,Boss,487
488,Florida,Haquard,814 Basil Crossing,30/01/1989,F,Boss,488
489,Eolanda,Critcher,056 Vera Circle,07/08/1964,F,Boss,489
490,Humfrid,Grzegorecki,6 Dawn Center,11/12/1966,M,Boss,490
491,Adria,Bluck,8313 Fisk Drive,03/10/1987,F,Boss,491
492,Bobby,Lynas,4 Shasta Park,27/07/1979,F,Boss,492
493,Klaus,Smee,3856 Wayridge Junction,13/02/1986,M,Boss,493
494,Valeda,Mayhou,90 Packers Street,05/01/1999,F,Boss,494
495,Kissie,Thorrington,0 Jackson Center,02/09/1995,F,Boss,495
496,Trevar,Kelf,9 Mifflin Avenue,08/07/1992,M,Boss,496
497,Isidora,Hancorn,242 Evergreen Road,07/10/1996,F,Boss,497
498,Meryl,Shoorbrooke,98 Calypso Place,23/05/1981,F,Boss,498
499,Dawn,Harrington,1 Hansons Drive,06/01/1987,F,Boss,499
500,Edith,Cluff,1356 Russell Point,25/03/1975,F,Boss,500
501,Desi,Giottini,868 Bonner Junction,28/06/1962,M,Boss,501
502,Alano,Bern,85784 Johnson Parkway,06/12/1973,M,Boss,502
503,Clem,Hethron,039 Bashford Street,15/07/1987,M,Boss,503
504,Marina,Lory,20166 Logan Point,12/05/2000,F,Boss,504
505,Wynny,Danielot,200 Drewry Terrace,01/02/2002,F,Boss,505
506,Ardys,Thomazet,1563 Carpenter Crossing,05/06/1978,F,Boss,506
507,Stafford,Ladbury,1757 Bluestem Avenue,01/11/1962,M,Boss,507
508,Eziechiele,Lockney,95710 Mifflin Terrace,15/09/1959,M,Boss,508
509,Raff,Burchfield,343 Scofield Circle,10/04/1975,M,Boss,509
510,Corny,Burgan,1 Sutteridge Center,21/02/1967,M,Boss,510
511,Judah,Meechan,29681 Gina Crossing,29/06/1970,M,Boss,511
512,Koralle,Jirusek,4 Myrtle Lane,31/01/1970,F,Boss,512
513,Carita,Malter,375 Ridgeway Alley,20/05/1974,F,Boss,513
514,Benton,Haxell,5 Anniversary Parkway,05/10/1967,M,Boss,514
515,Nissa,Jayne,909 New Castle Parkway,23/01/2001,F,Boss,515
516,Elliott,Boules,8456 Lindbergh Center,21/02/1969,M,Boss,516
517,Skyler,Goodlake,0 Boyd Road,29/02/1972,M,Boss,517
518,Alexis,Dolder,42362 Glacier Hill Lane,21/03/1978,F,Boss,518
519,Marylinda,Dunton,67983 Meadow Valley Parkway,11/12/1994,F,Boss,519
520,Darya,Bennie,08 Transport Drive,14/08/1987,F,Boss,520
521,Aluin,MacNeely,1 Thierer Lane,27/05/1994,M,Boss,521
522,Felita,Della Scala,0 Dawn Circle,03/06/2001,F,Boss,522
523,Kristian,Frays,632 Warrior Alley,02/10/1976,M,Boss,523
524,Emelyne,Broszkiewicz,015 Grover Street,28/07/2003,F,Boss,524
525,Perkin,Dy,8 Corscot Parkway,23/02/1959,M,Boss,525
526,Jamal,Dannell,471 Dixon Circle,26/05/1997,M,Boss,526
527,Kellby,Warret,1753 Kings Park,23/02/1961,M,Boss,527
528,Bernardina,Buzin,0 Troy Trail,01/01/1961,F,Boss,528
529,Kellina,Hawkswood,5721 Evergreen Park,23/06/1987,F,Boss,529
530,Cornelia,Frayne,61928 Fuller Crossing,05/06/1974,F,Boss,530
531,Giana,Buzine,16 Ridgeview Point,23/07/1967,F,Boss,531
532,Rutledge,Brasher,7184 Kingsford Street,19/06/1986,M,Boss,532
533,Dar,Peagrim,5521 Johnson Crossing,30/04/1997,M,Boss,533
534,Fremont,Reynard,64081 Armistice Place,29/01/1997,M,Boss,534
535,Livvy,Goldby,8390 Veith Point,26/03/1997,F,Boss,535
536,Lucila,Chevers,9458 Nevada Court,11/06/1975,F,Boss,536
537,Kayle,Caton,63 Southridge Circle,09/04/1974,F,Boss,537
538,Smith,Ledson,2 Delladonna Alley,17/08/1982,M,Boss,538
539,Constanta,McQuirk,109 Moulton Street,02/04/1999,F,Boss,539
540,Manolo,Lavalle,45 2nd Crossing,02/05/1976,M,Boss,540
541,Bianca,Eustice,053 Larry Court,02/03/1977,F,Boss,541
542,Carey,Elldred,07 International Place,08/01/2001,M,Boss,542
543,Linet,Tite,6 Morning Park,09/02/1975,F,Boss,543
544,Shadow,Stickler,867 Prairie Rose Trail,07/03/1978,M,Boss,544
545,Morgana,Basezzi,67 Gateway Court,09/03/1963,F,Boss,545
546,Sylvester,Klainman,62396 Wayridge Plaza,07/03/1995,M,Boss,546
547,Brenden,Gerardot,3448 Charing Cross Junction,27/05/1996,M,Boss,547
548,Jeri,Artrick,231 Trailsway Plaza,08/04/1995,F,Boss,548
549,Vance,Leitche,75 Schlimgen Point,27/02/1972,M,Boss,549
550,Dena,Boles,421 Acker Place,13/07/1962,F,Boss,550
551,Lynnea,Buckby,04865 Sheridan Way,15/09/1964,F,Boss,551
552,Marni,Frankiss,902 Marcy Avenue,15/08/1985,F,Boss,552
553,Serge,Stammer,28165 Anniversary Junction,14/06/1962,M,Boss,553
554,Link,Morffew,92218 Prentice Drive,28/10/1982,M,Boss,554
555,Kendal,Mathew,50 Alpine Junction,14/03/1969,M,Boss,555
556,Aldus,De Miranda,11346 Kenwood Way,10/06/1999,M,Boss,556
557,Nettie,Whittle,32644 Marcy Parkway,22/10/1975,F,Boss,557
558,Dix,Stanway,4616 Drewry Road,11/12/1997,F,Boss,558
559,Ellary,Wallman,0 4th Point,01/09/1981,M,Boss,559
560,Tedmund,Geaney,733 Elmside Terrace,09/09/1999,M,Boss,560
561,Cally,Beel,0 Emmet Point,13/04/1987,F,Boss,561
562,Felecia,Diboll,446 Esch Trail,07/03/1987,F,Boss,562
563,Fredi,Govan,89 Forest Hill,26/07/1986,F,Boss,563
564,Ingelbert,Temlett,43075 Northview Junction,05/02/1991,M,Boss,564
565,Nettle,Colly,211 Harbort Hill,03/07/1978,F,Boss,565
566,Ilene,Emney,1628 Muir Way,10/03/1965,F,Boss,566
567,Francklyn,Knevet,81999 Arizona Parkway,09/03/1989,M,Boss,567
568,Inge,Kolin,4 Banding Place,09/01/1975,F,Boss,568
569,Tomasine,Owttrim,7044 Kenwood Plaza,16/03/1989,F,Boss,569
570,Sidonia,Bunson,9888 Lindbergh Junction,28/08/2002,F,Boss,570
571,Robin,Fouracre,2 Armistice Junction,09/02/1999,F,Boss,571
572,Virgie,Doubleday,57478 Mandrake Road,05/04/2002,M,Boss,572
573,Bert,Hailes,88 Northport Pass,22/12/1990,F,Boss,573
574,Zelda,Scally,7929 Annamark Junction,06/04/1973,F,Boss,574
575,Chance,Beckett,19 Pankratz Park,14/09/1960,M,Boss,575
576,Dulciana,Nasey,672 Spaight Alley,05/06/1985,F,Boss,576
577,Joaquin,Benwell,4136 Manitowish Terrace,28/02/1975,M,Boss,577
578,Ysabel,Lauder,74 Nevada Park,02/03/1978,F,Boss,578
579,Essy,Boyall,318 Summerview Parkway,16/07/1980,F,Boss,579
580,Silvain,Clark,73455 Glacier Hill Road,01/07/2001,M,Boss,580
581,Elenore,Firby,48472 Sunfield Road,29/09/1982,F,Boss,581
582,Maudie,Trusslove,85547 Nobel Parkway,10/05/1977,F,Boss,582
583,Corly,Gotliffe,20930 Del Mar Circle,28/07/1962,F,Boss,583
584,Dillon,Hanning,2 Lerdahl Road,13/09/1991,M,Boss,584
585,Adora,Tredgold,62 Hauk Terrace,19/02/1983,F,Boss,585
586,Fitz,Mellers,1 Porter Circle,28/04/1982,M,Boss,586
587,Bowie,Yearns,25 Oakridge Terrace,14/09/2002,M,Boss,587
588,Rancell,Cheson,032 Cordelia Place,27/06/1959,M,Boss,588
589,Diann,Jahndel,0211 Springs Road,09/07/1974,F,Boss,589
590,Kareem,Croson,3239 Everett Avenue,14/01/1976,M,Boss,590
591,Traver,Champniss,9559 Almo Trail,18/02/1997,M,Boss,591
592,Rosabelle,Kahane,6 Corry Avenue,23/01/1968,F,Boss,592
593,Webster,Cherry,836 Debs Alley,24/06/1962,M,Boss,593
594,Bartholomew,Prover,494 Aberg Place,12/12/1987,M,Boss,594
595,Shell,Stille,1249 Menomonie Alley,08/01/1990,M,Boss,595
596,Ann-marie,Hearon,429 Waywood Junction,15/07/1984,F,Boss,596
597,Heidi,Pickerell,4 Columbus Pass,11/06/1982,F,Boss,597
598,Stevena,Battams,021 Mcguire Hill,15/09/1995,F,Boss,598
599,Isidro,Lavell,0 8th Alley,22/04/1978,M,Boss,599
600,Clerkclaude,Badham,82321 Sherman Parkway,31/03/1970,M,Boss,600
601,Jacinda,Madre,58 Nobel Pass,26/09/1960,F,Boss,601
602,Riccardo,Spittle,9827 Sugar Terrace,15/05/1988,M,Boss,602
603,Rea,Perott,327 Russell Pass,10/07/1995,F,Boss,603
604,Dione,Craddy,597 Beilfuss Park,03/01/1964,F,Boss,604
605,Jenelle,Hustler,395 Nova Point,05/04/1991,F,Boss,605
606,Floria,Orbell,725 Boyd Hill,15/07/1969,F,Boss,606
607,Clotilda,Parzis,6 Gerald Lane,25/04/1999,F,Boss,607
608,Binky,Davidou,72 Nelson Point,19/03/1967,M,Boss,608
609,Alex,Loomis,394 Huxley Crossing,07/11/2000,F,Boss,609
610,Stevena,Brashier,70434 Bay Trail,09/02/1993,F,Boss,610
611,Calvin,Hedderly,8 Kenwood Center,29/01/1999,M,Boss,611
612,Lyle,Mowen,431 Daystar Point,06/08/1993,M,Boss,612
613,Gabriello,Growcott,416 Parkside Drive,17/07/1971,M,Boss,613
614,Corty,Iacobini,9760 Grim Hill,18/04/1998,M,Boss,614
615,Randie,Wheatcroft,4939 1st Lane,08/07/1962,M,Boss,615
616,Taddeusz,O'Hdirscoll,921 Almo Trail,09/03/2000,M,Boss,616
617,Freddie,Curcher,40436 Warbler Circle,26/10/1968,M,Boss,617
618,Ludvig,Tellenbrook,199 Swallow Alley,29/04/2003,M,Boss,618
619,Edlin,Montague,16212 Marquette Lane,26/11/1989,M,Boss,619
620,Vere,Ralfe,77107 Northview Junction,28/10/1959,F,Boss,620
621,Maximo,McCullen,59359 Thackeray Court,02/05/1966,M,Boss,621
622,Scotty,Driutti,2 Pankratz Hill,29/11/1962,M,Boss,622
623,Stefan,Raatz,366 Sycamore Road,28/04/1967,M,Boss,623
624,Joaquin,Elrick,1 Blackbird Court,27/04/1980,M,Boss,624
625,Jorgan,Wooffitt,968 Express Road,12/06/1964,M,Boss,625
626,Roger,Walkden,14749 Warner Plaza,30/05/1968,M,Boss,626
627,Delphine,Couthard,0563 Green Hill,04/06/1994,F,Boss,627
628,Tony,Pallas,4293 Hoffman Lane,26/11/1979,F,Boss,628
629,Nixie,Currao,21654 Arkansas Center,26/06/2002,F,Boss,629
630,Geoff,Nayshe,9654 Arapahoe Alley,27/01/1959,M,Boss,630
631,Tyrone,Macieiczyk,394 Monument Park,18/01/1989,M,Boss,631
632,Norrie,Offield,07 Roxbury Parkway,05/11/1965,F,Boss,632
633,Felicdad,Koppelmann,429 Portage Drive,03/11/1967,F,Boss,633
634,Amelia,Gerrelts,02 Golden Leaf Avenue,03/02/1969,F,Boss,634
635,Tierney,Castrillo,234 Jana Alley,17/11/1999,F,Boss,635
636,Willette,Marlon,770 Pierstorff Place,18/07/1998,F,Boss,636
637,Peirce,Shearmer,0164 Kinsman Lane,05/01/1989,M,Boss,637
638,Corabella,Carlill,23008 Golf Course Plaza,22/09/1991,F,Boss,638
639,Feliks,Petris,8 Eagle Crest Center,07/03/1987,M,Boss,639
640,Kathy,Hansen,5231 Memorial Center,05/05/1976,F,Boss,640
641,Eustacia,Row,6 Erie Parkway,11/10/1999,F,Boss,641
642,Walther,Baversor,584 Anthes Pass,11/08/2001,M,Boss,642
643,Maxi,Dymick,3 Doe Crossing Center,26/11/1973,F,Boss,643
644,Thayne,Losselyong,956 Westend Terrace,06/11/1976,M,Boss,644
645,Lesli,Trangmar,77 Havey Street,18/11/2001,F,Boss,645
646,Jean,Keysall,0952 Banding Drive,01/01/1963,M,Boss,646
647,Jessey,Giacopazzi,60 Harper Parkway,06/01/1980,M,Boss,647
648,Michelle,Moulsdale,3 Hansons Point,11/09/1999,F,Boss,648
649,Lambert,Filby,4226 Sunfield Road,12/01/2002,M,Boss,649
650,Adelheid,Fay,66217 Jackson Hill,03/10/1990,F,Boss,650
651,Renault,Surgeon,6 Old Gate Way,03/03/1963,M,Boss,651
652,Renae,Olander,7 Oak Plaza,06/03/1971,F,Boss,652
653,Clareta,Fernie,2027 Eliot Trail,11/01/1960,F,Boss,653
654,Darya,Burry,267 Forest Dale Pass,16/10/1986,F,Boss,654
655,Tanner,Schooling,33 Ridgeway Center,23/02/2003,M,Boss,655
656,Rowen,Deighan,19588 School Drive,14/10/1985,M,Boss,656
657,Lonni,Blackall,5629 Beilfuss Way,07/07/1975,F,Boss,657
658,Isacco,Brumbie,1 Bultman Street,13/12/1969,M,Boss,658
659,Theresa,Brimmell,2053 Chive Drive,02/03/1978,F,Boss,659
660,Gretchen,Gaize,020 Hayes Street,19/03/1967,F,Boss,660
661,Rickert,Kubin,2 Continental Drive,16/01/1972,M,Boss,661
662,Bianca,Caldow,0 Glendale Crossing,05/10/1987,F,Boss,662
663,Kirk,Pacitti,93325 Crownhardt Parkway,30/07/1991,M,Boss,663
664,Bartholomeo,Leadbetter,3 Sherman Lane,28/08/1973,M,Boss,664
665,Hoyt,Andrusyak,602 Farragut Pass,20/12/1987,M,Boss,665
666,Thoma,Kyne,598 Sommers Way,20/02/1993,M,Boss,666
667,Janaye,Fritter,91 Waxwing Junction,17/06/1999,F,Boss,667
668,Gregory,Dalgetty,213 Oriole Avenue,24/03/1962,M,Boss,668
669,Nealy,Rannells,0905 John Wall Road,15/03/1964,M,Boss,669
670,Margi,Ryam,0054 Shopko Road,12/01/1972,F,Boss,670
671,Pippa,Pettegre,525 Vera Lane,22/08/1983,F,Boss,671
672,Aldon,Ticksall,44 Macpherson Road,22/11/1989,M,Boss,672
673,Gwenni,Cowmeadow,2 Main Drive,06/11/1966,F,Boss,673
674,Vivyanne,Chafney,6571 Sauthoff Avenue,28/07/2002,F,Boss,674
675,Winfield,Rockwell,57 Tennessee Junction,11/01/1967,M,Boss,675
676,Nickie,Minker,337 Donald Pass,17/09/1964,M,Boss,676
677,Hallsy,Whal,07232 Chive Street,12/10/1973,M,Boss,677
678,Gray,Hainey,82 Ruskin Crossing,10/04/1973,F,Boss,678
679,Cassie,Wooles,60 Buell Point,03/10/2003,M,Boss,679
680,Carroll,Crook,696 Sutherland Crossing,30/09/1975,F,Boss,680
681,Judi,Jozwiak,083 Everett Terrace,03/08/1989,F,Boss,681
682,Sarine,Fraschetti,759 Golf View Point,30/05/1992,F,Boss,682
683,Puff,Rafe,03 Bunker Hill Hill,18/11/1989,M,Boss,683
684,Shaw,Blaskett,2493 Florence Street,14/01/1981,M,Boss,684
685,Reilly,Frome,3353 Beilfuss Crossing,19/04/1994,M,Boss,685
686,Corella,Carmen,604 Karstens Circle,24/01/1968,F,Boss,686
687,Matt,Demangeon,330 Waubesa Alley,30/03/1962,M,Boss,687
688,Ali,Scotson,681 Ramsey Street,30/03/1989,F,Boss,688
689,Beau,Robatham,2074 Spaight Circle,06/06/1995,M,Boss,689
690,Cathy,Haldenby,9649 Ridgeview Crossing,20/11/1978,F,Boss,690
691,Ferdy,Matiasek,372 Bashford Way,07/01/1960,M,Boss,691
692,Nappie,Backwell,91677 Kim Junction,25/10/1979,M,Boss,692
693,Roosevelt,Daniellot,192 Anhalt Way,05/01/1972,M,Boss,693
694,Sebastien,Bonellie,85 Kinsman Drive,15/06/1999,M,Boss,694
695,Peta,Chatfield,04633 Mesta Avenue,24/10/1992,F,Boss,695
696,Titus,Nurdin,1 Acker Court,20/03/1986,M,Boss,696
697,Lily,Greenaway,4304 Anderson Park,18/08/1963,F,Boss,697
698,Harald,Filpo,446 Fulton Hill,28/05/1978,M,Boss,698
699,Beaufort,Maylott,16 Becker Hill,23/04/1961,M,Boss,699
700,Serena,Deer,7 Bunker Hill Avenue,10/02/1963,F,Boss,700
701,Lisa,Roscow,05960 Menomonie Court,13/09/1993,F,Boss,701
702,Willie,Sandells,81734 Lerdahl Court,23/06/1978,F,Boss,702
703,Bellina,Banck,39 Donald Avenue,22/03/1992,F,Boss,703
704,Vernen,Crimp,196 Truax Circle,07/04/1982,M,Boss,704
705,Alia,Casiroli,5 Oriole Junction,08/07/1973,F,Boss,705
706,Ddene,Sheeran,89 Bunker Hill Alley,02/07/1989,F,Boss,706
707,Hubey,Lacy,7 Sage Center,29/10/1968,M,Boss,707
708,Adda,Wroth,3139 New Castle Trail,29/01/1970,F,Boss,708
709,Ilsa,Albion,2 Westerfield Avenue,10/10/1981,F,Boss,709
710,Randie,Attride,189 Dryden Drive,03/04/1964,M,Boss,710
711,Corty,Hacquel,64 Montana Terrace,09/12/1972,M,Boss,711
712,Carr,Deignan,6 Tennessee Alley,30/06/1996,M,Boss,712
713,Almeda,Oldmeadow,2861 Graceland Alley,26/03/1959,F,Boss,713
714,Neal,Spurrier,10 Dunning Avenue,07/07/1974,M,Boss,714
715,Kelly,Huxham,040 Amoth Terrace,12/08/1968,M,Boss,715
716,Harley,Delacote,95444 Esch Circle,20/10/1998,M,Boss,716
717,Aeriell,Ashard,3752 Kingsford Place,22/03/1976,F,Boss,717
718,Millard,Beney,02491 Weeping Birch Drive,11/01/2001,M,Boss,718
719,Felice,Collman,72 Dovetail Junction,04/04/1960,F,Boss,719
720,Norina,Tezure,0352 Kedzie Court,17/05/1981,F,Boss,720
721,Niel,Lieb,5 Darwin Park,13/07/1969,M,Boss,721
722,Humbert,Ecob,18774 Veith Road,21/02/1973,M,Boss,722
723,Fabian,Robbey,23 Lukken Center,09/08/1991,M,Boss,723
724,Waylin,Emanuele,3 Bonner Drive,06/12/1988,M,Boss,724
725,Bord,Speake,82220 Surrey Terrace,23/03/1987,M,Boss,725
726,Rebecca,Grose,666 Monument Pass,22/11/2003,F,Boss,726
727,Quintilla,Watt,07602 Swallow Junction,29/02/1976,F,Boss,727
728,Gib,Quincey,9 Meadow Vale Pass,26/08/1988,M,Boss,728
729,Urson,Binestead,927 Quincy Street,23/08/1992,M,Boss,729
730,Saidee,Digby,9413 Spaight Junction,29/07/1994,F,Boss,730
731,Deloris,Hanlin,7959 Lake View Way,10/03/1988,F,Boss,731
732,Adolphe,Tunnow,65 Northland Junction,13/06/1964,M,Boss,732
733,Tish,Barrus,406 Lotheville Crossing,08/01/1986,F,Boss,733
734,Nappy,Antcliff,330 Donald Way,23/04/2003,M,Boss,734
735,Briney,Fitchett,25968 Vera Road,11/08/1982,F,Boss,735
736,Elene,Northern,01 Crowley Pass,11/08/1989,F,Boss,736
737,Saul,Oloman,5909 Bobwhite Street,26/10/2003,M,Boss,737
738,Cassy,Nystrom,5068 6th Street,02/02/1973,F,Boss,738
739,Bridie,Ivanishchev,80 Florence Center,07/01/1963,F,Boss,739
740,Ben,Davenall,2 Sullivan Avenue,17/06/1993,M,Boss,740
741,Cecilia,Calderon,957 Reindahl Lane,16/06/1983,F,Boss,741
742,Mallissa,Hollington,2138 Dahle Lane,14/07/1979,F,Boss,742
743,Amory,Gaenor,028 Forest Run Avenue,27/03/1967,M,Boss,743
744,Lucienne,Deesly,7 Carey Drive,14/09/1961,F,Boss,744
745,Arturo,Muat,42202 Rigney Circle,12/12/1968,M,Boss,745
746,Silvain,Weyman,11191 Ruskin Hill,25/03/2001,M,Boss,746
747,Sydney,Darell,4419 Sloan Parkway,23/01/1977,M,Boss,747
748,Marys,Ponton,04496 Lawn Trail,04/12/1986,F,Boss,748
749,Lorens,Navein,12275 Bluejay Way,05/06/1989,M,Boss,749
750,Barde,Nuss,5 Graceland Center,26/04/2003,M,Boss,750
751,Jon,Chettoe,681 Northridge Place,15/06/2001,M,Boss,751
752,Callie,Loughton,1071 Gateway Road,11/12/1979,F,Boss,752
753,Vern,Plumstead,4711 Lakewood Gardens Lane,26/01/1989,M,Boss,753
754,Mandie,Marages,69 Browning Avenue,10/08/1981,F,Boss,754
755,Cullan,Heinig,295 Arrowood Place,10/05/1995,M,Boss,755
756,Caressa,Pugsley,2407 Sutherland Plaza,16/01/1981,F,Boss,756
757,Maure,Antrum,948 Division Alley,30/10/1964,F,Boss,757
758,Tyrone,Fidilis,21570 Burning Wood Plaza,29/11/1979,M,Boss,758
759,Barnabas,Mulcahy,00442 Namekagon Court,30/03/1981,M,Boss,759
760,Leif,Waberer,251 Bluejay Place,26/10/1973,M,Boss,760
761,Lenci,Werrilow,9 Vera Crossing,11/02/1983,M,Boss,761
762,Charo,McFarlane,918 Cambridge Junction,02/07/1970,F,Boss,762
763,Claudine,Howford,70671 Petterle Parkway,16/12/1972,F,Boss,763
764,Malia,Bahl,6570 Spohn Plaza,29/10/1991,F,Boss,764
765,Loren,Daws,08410 Burning Wood Drive,22/05/1971,F,Boss,765
766,Nonie,Alyukin,97449 5th Plaza,17/09/1992,F,Boss,766
767,Linnea,Houselee,479 Bashford Trail,29/11/1961,F,Boss,767
768,Torrie,Dureden,3308 Dennis Avenue,15/01/1966,F,Boss,768
769,Wilmar,Uzelli,82454 Vera Drive,29/07/2003,M,Boss,769
770,Whitney,Layburn,70 Sutherland Way,02/08/1980,F,Boss,770
771,Monah,Gherardesci,920 Killdeer Drive,05/03/1992,F,Boss,771
772,Beverly,Clery,58 Rieder Way,27/12/2003,F,Boss,772
773,Hewie,Farish,66 Loomis Hill,07/04/1984,M,Boss,773
774,Dalenna,William,2 Eggendart Court,05/09/1974,F,Boss,774
775,Dyane,De Meis,34559 Washington Way,14/07/1978,F,Boss,775
776,Sisely,Plaister,63742 Messerschmidt Crossing,09/01/1982,F,Boss,776
777,Marylee,MacGillivrie,2096 Monument Hill,05/10/1985,F,Boss,777
778,Bibbie,Kenwright,353 Westend Street,20/06/1991,F,Boss,778
779,Gerry,Excell,57 Havey Street,07/04/1960,F,Boss,779
780,Sibilla,Hallawell,2146 Gulseth Road,10/08/1973,F,Boss,780
781,Tuckie,Yerrall,597 7th Street,02/08/1993,M,Boss,781
782,Cad,Ruthven,11 Morningstar Way,20/05/1981,M,Boss,782
783,Vaughan,Lindl,3524 Maywood Court,17/05/1989,M,Boss,783
784,Tabor,Tibols,73823 Oak Lane,26/07/2000,M,Boss,784
785,Cyndie,Firpi,61063 Mcguire Plaza,22/11/1966,F,Boss,785
786,Malena,Rosenbloom,31 Golden Leaf Road,05/03/1977,F,Boss,786
787,Miran,Beloe,06 South Avenue,23/08/1975,F,Boss,787
788,Sutton,Simonin,001 Debs Court,08/11/1964,M,Boss,788
789,Eolande,Cockerham,594 Darwin Alley,14/11/1973,F,Boss,789
790,Ema,Ugolini,3 Reindahl Street,14/06/1991,F,Boss,790
791,Natty,Hartil,1 Farwell Way,19/07/1966,M,Boss,791
792,Marlow,Smartman,50902 Blackbird Lane,21/04/1959,M,Boss,792
793,Humfried,Murphy,28 Boyd Way,18/04/1995,M,Boss,793
794,Robinett,Deniscke,18932 Swallow Circle,02/05/1996,F,Boss,794
795,Gunar,Thomason,8433 Sage Point,18/10/1985,M,Boss,795
796,Clarey,Bagniuk,15 Northridge Hill,10/03/1998,F,Boss,796
797,Tracie,Gerrey,1783 Brickson Park Plaza,31/10/1963,M,Boss,797
798,Brody,Trusty,801 Sauthoff Lane,26/10/1977,M,Boss,798
799,Malinda,Daintry,79195 Miller Court,08/06/1961,F,Boss,799
800,Gratiana,Shobrook,72 Hansons Lane,04/04/1969,F,Boss,800
801,Bartolemo,Milbourn,9 Sutteridge Parkway,08/08/1970,M,Boss,801
802,Kin,Jeannon,573 Lyons Drive,26/10/1963,M,Boss,802
803,Elberta,Noir,9 Butternut Court,21/04/1987,F,Boss,803
804,Madelina,Marrett,5862 Portage Court,06/03/1991,F,Boss,804
805,Rodrique,Lidgate,08 Brown Lane,06/03/1973,M,Boss,805
806,Lombard,Fumagalli,04561 Barnett Crossing,08/07/1982,M,Boss,806
807,Lemuel,Blackhall,3 Reinke Park,31/12/1965,M,Boss,807
808,Dolores,Beazer,9 Londonderry Point,24/08/1990,F,Boss,808
809,Candida,Jewell,929 Springview Center,15/04/1987,F,Boss,809
810,Katusha,Nockles,95 Walton Plaza,06/09/1974,F,Boss,810
811,Henderson,Clixby,4 Norway Maple Street,29/11/1992,M,Boss,811
812,Sela,Ridler,962 Crowley Crossing,23/09/1997,F,Boss,812
813,Humfried,Bows,01879 6th Pass,29/10/1964,M,Boss,813
814,Tripp,Bontein,77 Fairfield Terrace,12/10/1992,M,Boss,814
815,Eldin,Danjoie,1 Jackson Way,27/07/1978,M,Boss,815
816,Tierney,Diem,55056 Northport Court,15/03/1975,F,Boss,816
817,Amber,Jeannequin,90 Hoard Point,07/02/1988,F,Boss,817
818,Lauralee,Skingle,547 Bunting Parkway,25/12/1973,F,Boss,818
819,Ulick,Mapson,67548 Leroy Alley,27/06/1999,M,Boss,819
820,Kerianne,Hardie,5 Miller Center,12/02/1976,F,Boss,820
821,Herman,Walne,4363 Straubel Park,22/07/1992,M,Boss,821
822,Cad,Whitcomb,26 Banding Hill,28/06/1964,M,Boss,822
823,Carly,Barendtsen,5 Sloan Court,01/07/1986,F,Boss,823
824,Law,Oppery,66255 Delladonna Plaza,03/06/1990,M,Boss,824
825,Prue,Hadlee,99150 Bellgrove Court,30/03/1973,F,Boss,825
826,Joanne,Delicate,243 Maryland Park,23/10/1993,F,Boss,826
827,Gerardo,Rantoull,333 Transport Avenue,19/09/1981,M,Boss,827
828,Joanie,Leyband,15887 Browning Circle,06/10/2002,F,Boss,828
829,Ileane,Aleksankin,2131 Cascade Hill,22/06/1998,F,Boss,829
830,Alejandra,Sullivan,8 Carioca Pass,25/06/1979,F,Boss,830
831,Vittorio,Bellefant,6 Karstens Street,12/11/1999,M,Boss,831
832,Nichole,Conisbee,82 Welch Plaza,01/12/1963,M,Boss,832
833,Marlow,O'Keevan,060 Golf Course Road,30/08/1971,M,Boss,833
834,Kelci,Cruickshank,34 Mariners Cove Circle,27/02/1991,F,Boss,834
835,Stewart,Benditt,52 Golf View Center,03/05/1999,M,Boss,835
836,Wayland,Songer,4 Walton Junction,19/06/1961,M,Boss,836
837,Hurley,Farr,1 Carpenter Park,27/08/1976,M,Boss,837
838,Mickey,McIlhone,4 Melvin Court,08/09/1975,M,Boss,838
839,Flynn,Rooson,09 Marcy Trail,17/02/1961,M,Boss,839
840,Tim,Cutmere,389 6th Road,20/03/1995,F,Boss,840
841,Temple,Peat,66039 Oakridge Road,01/02/1997,M,Boss,841
842,Cully,Sygrove,3 Nelson Crossing,22/09/1970,M,Boss,842
843,Bernie,Wawer,584 Carioca Crossing,18/11/1975,M,Boss,843
844,Tarrance,Janovsky,5 Karstens Pass,20/02/1985,M,Boss,844
845,Carrol,McBeth,7456 Glendale Lane,14/09/1985,M,Boss,845
846,Godfrey,Bootland,023 Reinke Hill,24/01/1998,M,Boss,846
847,Lexy,Balderson,871 Becker Terrace,09/12/2002,F,Boss,847
848,Astrid,Druett,343 Pierstorff Court,26/03/1976,F,Boss,848
849,Nikolai,Ivel,33010 Corben Lane,14/02/1995,M,Boss,849
850,Doralynn,Mattessen,2855 Debra Point,07/03/1981,F,Boss,850
851,Alejandrina,Mundford,378 Mayer Center,29/09/1987,F,Boss,851
852,Lynea,Vasile,99648 Straubel Pass,03/02/1978,F,Boss,852
853,Gardie,Ashard,3233 Utah Way,03/10/1991,M,Boss,853
854,Madonna,Robardet,745 Sutteridge Pass,31/12/1986,F,Boss,854
855,Lynnea,Himsworth,11042 6th Alley,11/05/1964,F,Boss,855
856,Ursuline,Lotherington,97386 Maple Wood Way,17/09/1988,F,Boss,856
857,Isac,Ravillas,4512 Spenser Court,05/06/1999,M,Boss,857
858,Edvard,Kropp,0256 Redwing Street,07/05/1993,M,Boss,858
859,Lev,Tipple,210 Eliot Way,02/11/1975,M,Boss,859
860,Gretna,Jonas,65869 Autumn Leaf Terrace,05/07/1978,F,Boss,860
861,Marita,Bolles,35 Schurz Road,11/05/1961,F,Boss,861
862,Kahlil,Wallicker,5 Anhalt Terrace,14/10/1963,M,Boss,862
863,Humphrey,Bax,0 Menomonie Plaza,16/08/2000,M,Boss,863
864,Kerk,Addyman,1 Oneill Junction,04/01/1974,M,Boss,864
865,Reinaldos,Somes,541 Vahlen Way,13/10/1964,M,Boss,865
866,Esta,Denison,99 Novick Parkway,29/07/2001,F,Boss,866
867,Orland,Ives,443 Shasta Circle,26/11/1991,M,Boss,867
868,Dominica,Trotton,4853 Oxford Terrace,08/07/1986,F,Boss,868
869,Darin,Djokic,5281 Crowley Road,22/07/1992,M,Boss,869
870,Pavlov,Tidmarsh,20 Arrowood Alley,19/10/1999,M,Boss,870
871,Baxie,Laval,262 Lien Point,14/05/1987,M,Boss,871
872,Rhys,Palfreman,4 6th Hill,02/02/1983,M,Boss,872
873,Fairleigh,Kahler,72 Reinke Way,06/12/1999,M,Boss,873
874,Ulysses,Wilkins,5283 Daystar Circle,01/11/1970,M,Boss,874
875,Harrietta,Woodyatt,68373 Golf Circle,14/10/2003,F,Boss,875
876,Correy,Hedau,25 Mcbride Pass,13/07/1993,M,Boss,876
877,Sasha,Cowerd,8 Troy Trail,03/05/1990,M,Boss,877
878,Rolland,Lourenco,33 Vera Point,03/08/1986,M,Boss,878
879,Zed,Surman,06351 Lighthouse Bay Pass,04/06/1989,M,Boss,879
880,Elston,Cragoe,0 Superior Hill,18/01/1961,M,Boss,880
881,Lanie,Baudasso,8 Corry Plaza,10/03/1967,F,Boss,881
882,Lila,Gilhooley,37243 American Ash Court,29/09/1977,F,Boss,882
883,Annaliese,MacAllester,744 Hallows Plaza,18/05/1971,F,Boss,883
884,Lita,Langsdon,5 Hallows Plaza,29/11/1975,F,Boss,884
885,Pablo,Beaby,50 East Way,01/12/1962,M,Boss,885
886,Alix,Collie,5 Linden Terrace,27/04/2001,M,Boss,886
887,Huey,Lownie,5968 Fieldstone Avenue,18/03/1999,M,Boss,887
888,Irene,Kemster,3 Hintze Road,24/11/1973,F,Boss,888
889,Arin,Freddi,89719 8th Drive,10/07/1985,M,Boss,889
890,Betta,Langham,1348 Lakeland Plaza,06/06/1999,F,Boss,890
891,Briant,De Cristoforo,191 Truax Point,27/01/2001,M,Boss,891
892,Blake,Souttar,11891 Algoma Plaza,20/10/1989,M,Boss,892
893,Petronilla,Bessom,90236 Eagle Crest Lane,04/01/1997,F,Boss,893
894,Tanny,Taylder,49130 Hauk Junction,19/02/1977,M,Boss,894
895,Meredith,Daily,4 Bobwhite Court,23/11/1998,M,Boss,895
896,Clayson,Vasyatkin,4 Spaight Avenue,31/01/1991,M,Boss,896
897,Vonnie,Cleminshaw,4 Sunnyside Center,17/01/1970,F,Boss,897
898,Frederigo,Darrigrand,99355 Graedel Junction,31/07/1963,M,Boss,898
899,Silvain,Wesson,95 Truax Plaza,20/01/2003,M,Boss,899
900,Kakalina,Ibbotson,62 David Trail,19/06/1991,F,Boss,900
901,Dare,Lutwyche,9 Mitchell Hill,30/08/1995,M,Boss,901
902,Barclay,Dunks,4 Fallview Alley,06/11/1998,M,Boss,902
903,Agnella,Dimmack,91 Corry Way,30/04/1981,F,Boss,903
904,Hanni,Dicken,9805 Farmco Road,27/03/1994,F,Boss,904
905,Mel,Brideaux,16656 Westerfield Lane,17/11/1976,F,Boss,905
906,Garvy,Trengove,69417 Bluestem Trail,12/05/1976,M,Boss,906
907,Homer,Hobbing,37510 North Terrace,04/12/1989,M,Boss,907
908,Sauncho,Brabbins,21 Banding Alley,06/09/1965,M,Boss,908
909,Thurston,Geyton,6 Lillian Way,27/03/1974,M,Boss,909
910,Susana,Gelling,7 Service Road,05/10/1975,F,Boss,910
911,Vernen,Dreher,3 Laurel Point,10/12/1995,M,Boss,911
912,Mahala,Stote,981 Miller Alley,09/03/1996,F,Boss,912
913,Frannie,Beagin,04436 Paget Park,07/10/1962,M,Boss,913
914,Chalmers,Kubach,73277 8th Avenue,22/05/1975,M,Boss,914
915,Alica,Harbord,1 Green Ridge Point,23/02/1963,F,Boss,915
916,Raina,Moorman,3 Riverside Center,27/10/1961,F,Boss,916
917,Farrell,Wreakes,4504 Nobel Hill,06/12/1961,M,Boss,917
918,Mohandas,Skule,48 Moulton Circle,23/06/1959,M,Boss,918
919,Ophelia,Langlais,38193 Kedzie Street,04/06/1992,F,Boss,919
920,Merlina,Lygo,1 Hazelcrest Alley,24/03/1967,F,Boss,920
921,Sibyl,Davis,94 Gale Crossing,14/07/1980,M,Boss,921
922,Kristoforo,Johnston,62461 Commercial Junction,16/09/1976,M,Boss,922
923,Denyse,Buie,36667 Bobwhite Plaza,18/07/1970,F,Boss,923
924,Bobine,Ricks,4 Vidon Court,06/06/1972,F,Boss,924
925,Lemmy,Massenhove,81 Judy Crossing,26/12/1980,M,Boss,925
926,Jarrett,Gilliatt,3 Becker Park,29/05/1987,M,Boss,926
927,Frederich,Beaty,07 Bowman Crossing,29/03/1999,M,Boss,927
928,Kingsly,Creed,149 Orin Lane,05/12/1967,M,Boss,928
929,Fabian,Hinrichsen,64 Prairie Rose Road,11/10/1980,M,Boss,929
930,Tymothy,Davidowsky,97 Granby Crossing,06/09/1978,M,Boss,930
931,Gerrard,Howler,78 Sugar Avenue,14/06/1995,M,Boss,931
932,Sonny,Danilov,610 Tony Parkway,07/03/1970,F,Boss,932
933,Marinna,Davidovitz,83 Northview Center,12/07/1988,F,Boss,933
934,Norina,Fison,9280 Gale Drive,14/02/1991,F,Boss,934
935,Barclay,Hennington,8879 Sheridan Parkway,25/05/1965,M,Boss,935
936,Gill,Littrell,63941 Knutson Pass,15/04/1974,M,Boss,936
937,Carmita,Banger,09 Nelson Point,28/11/1983,F,Boss,937
938,Deana,Cherry Holme,683 Kim Crossing,03/06/1962,F,Boss,938
939,Neilla,Whicher,9497 Pine View Plaza,08/10/1983,F,Boss,939
940,Darrin,Splevins,001 Memorial Trail,27/04/1962,M,Boss,940
941,Sabine,Sarge,41625 Mockingbird Street,06/11/1980,F,Boss,941
942,Drusilla,Greenly,3722 Meadow Valley Trail,08/06/1959,F,Boss,942
943,Osborne,Roger,0 Main Park,25/06/1987,M,Boss,943
944,Base,Emmet,8 Anniversary Drive,16/06/1962,M,Boss,944
945,Abby,Stigger,2149 8th Crossing,28/10/1966,M,Boss,945
946,Corena,Rew,3789 Magdeline Drive,23/09/1959,F,Boss,946
947,Luelle,Pottage,206 Twin Pines Court,25/10/2003,F,Boss,947
948,Allix,Trustie,9 Bay Center,15/09/1969,F,Boss,948
949,Stormie,Busswell,720 Little Fleur Center,04/02/1986,F,Boss,949
950,Pauli,Pyrke,246 Lunder Avenue,17/01/1992,F,Boss,950
951,Odele,Bride,02 West Junction,11/11/1974,F,Boss,951
952,Bernardina,Brockelsby,784 Cascade Pass,04/05/1974,F,Boss,952
953,Corney,Eagle,75 Maple Wood Lane,20/01/1965,M,Boss,953
954,Gerome,Dible,9 Butterfield Junction,13/03/1991,M,Boss,954
955,Conchita,Alman,98 8th Street,31/08/1975,F,Boss,955
956,Tobias,Webben,541 Almo Pass,15/06/1967,M,Boss,956
957,Kirstyn,Cullinan,1853 Anzinger Drive,04/04/1962,F,Boss,957
958,Heda,Holme,21 Portage Lane,08/04/1995,F,Boss,958
959,Parry,Gilhooly,03372 Dennis Crossing,09/04/1961,M,Boss,959
960,Mateo,Wermerling,79 Onsgard Lane,15/08/1989,M,Boss,960
961,Aguste,Lindeboom,94958 Vernon Way,21/11/1974,M,Boss,961
962,Theo,Sacker,9612 Northridge Lane,03/03/1997,M,Boss,962
963,Hermine,Moorcroft,36 Golden Leaf Circle,18/10/1974,F,Boss,963
964,Lindsey,Tolworthy,3 Waubesa Trail,24/10/1996,M,Boss,964
965,Korney,Phipp,60526 Lindbergh Avenue,31/03/1971,F,Boss,965
966,Guenevere,Crookston,14 Katie Junction,14/08/1970,F,Boss,966
967,Gladys,Carbine,87 Killdeer Street,01/09/1988,F,Boss,967
968,Arnie,Hallyburton,3239 Scoville Point,01/08/1988,M,Boss,968
969,Garland,Goodlud,40 Bellgrove Parkway,02/10/1968,F,Boss,969
970,Ennis,Di Pietro,36773 Oriole Hill,03/05/1992,M,Boss,970
971,Anallese,Gery,85 Waywood Lane,31/10/1963,F,Boss,971
972,Kimbell,Lower,5271 Karstens Junction,25/07/1969,M,Boss,972
973,Harbert,Matus,602 Marquette Place,03/03/1984,M,Boss,973
974,Ferd,McGriffin,1 Macpherson Hill,26/07/1995,M,Boss,974
975,Filippa,Winspar,454 Goodland Parkway,15/04/2003,F,Boss,975
976,Lydon,Sime,06 Hoard Terrace,26/12/2002,M,Boss,976
977,Christine,Durward,53 Basil Hill,21/04/1960,F,Boss,977
978,Silvan,Jantzen,5 Fremont Pass,10/12/1983,M,Boss,978
979,Gay,Blankau,05268 Spaight Park,15/09/1974,F,Boss,979
980,Elwin,Domleo,95277 Lawn Street,24/01/1965,M,Boss,980
981,Elfrieda,Tothacot,4211 Northview Road,18/05/1992,F,Boss,981
982,Elizabeth,Parsall,9161 Jana Road,11/10/1995,F,Boss,982
983,Elfrida,Woffenden,0 Katie Junction,29/06/2000,F,Boss,983
984,Hanson,Stammers,67 Merchant Place,11/12/1990,M,Boss,984
985,Tristan,Dorricott,057 Manitowish Trail,28/04/1967,M,Boss,985
986,Boyce,Duddridge,78 Superior Hill,08/10/1988,M,Boss,986
987,Ailene,Castillou,8743 Dixon Center,09/06/1963,F,Boss,987
988,Roanne,Kesteven,0929 Dottie Parkway,30/08/1982,F,Boss,988
989,Dominique,Dimmock,23 Hintze Street,28/06/1969,F,Boss,989
990,Elianore,McVicker,3477 Beilfuss Road,03/03/1981,F,Boss,990
991,Jilleen,Waycot,13 Everett Center,03/10/1963,F,Boss,991
992,Rey,Cunningham,4158 Maryland Road,28/11/1962,F,Boss,992
993,Keene,Astill,454 Oneill Circle,07/11/1995,M,Boss,993
994,Joseito,Whitney,8 Eliot Place,27/03/1976,M,Boss,994
995,Dani,Ottewill,3647 Warbler Park,20/09/1990,F,Boss,995
996,Danyelle,Coryndon,3 Burning Wood Avenue,23/07/1984,F,Boss,996
997,Gottfried,Hainge,56400 Northridge Way,04/04/1982,M,Boss,997
998,Alfie,Inston,750 Northfield Park,05/03/1966,M,Boss,998
999,Deanne,Late,45632 Forster Plaza,20/05/2002,F,Boss,999
1000,Scotti,Juniper,3 Fisk Parkway,31/10/1973,M,Boss,1000
